year,genre,rating,sentiment,count
0,Action,3.128571428571429,0.1428571428571427,7.0
0,Adventure,3.075,0.175,4.0
0,Animation,3.5,0.0,1.0
0,Children,4.5,0.6,1.0
0,Comedy,3.242857142857143,-0.0714285714285714,7.0
0,Crime,3.5,-0.25,2.0
0,Documentary,3.3200000000000003,-0.0049999999999999,20.0
0,Drama,3.335714285714286,-0.8285714285714286,14.0
0,Fantasy,1.9,0.15,2.0
0,Horror,3.0,-0.2,1.0
0,Musical,3.2,-0.5,1.0
0,Romance,3.175,-0.425,4.0
0,Sci-Fi,3.02,0.6799999999999999,5.0
0,Thriller,2.5500000000000003,-1.8666666666666671,6.0
0,Western,4.2,0.0,1.0
1874,Documentary,2.6,0.0,1.0
1888,Documentary,1.725,0.0,4.0
1891,Action,1.1,0.0,1.0
1891,Documentary,1.525,0.0,4.0
1892,Animation,2.7,0.0,1.0
1894,Comedy,1.35,0.2,2.0
1894,Documentary,2.15,0.0583333333333333,12.0
1894,Drama,2.0,0.2,1.0
1894,Musical,3.1,0.0,1.0
1895,Comedy,3.0,0.0,1.0
1895,Documentary,3.0666666666666664,0.0,3.0
1896,Comedy,2.8,0.0,1.0
1896,Documentary,2.8857142857142857,0.0999999999999999,7.0
1896,Fantasy,2.95,0.0,2.0
1896,Horror,2.6,0.0,2.0
1896,Romance,2.9,0.3,1.0
1897,Action,2.0,0.0,1.0
1897,Comedy,3.0,0.0,1.0
1897,Documentary,2.8,-0.2,2.0
1897,Drama,2.0,0.0,1.0
1897,Fantasy,3.3,-0.1999999999999999,1.0
1897,Horror,3.0,-0.8999999999999999,1.0
1897,War,2.0,0.0,1.0
1898,Comedy,3.05,-0.05,2.0
1898,Documentary,1.8,0.0,1.0
1898,Drama,3.5,0.0,1.0
1898,Fantasy,3.333333333333333,-0.0166666666666666,6.0
1898,Sci-Fi,2.5,0.0,1.0
1899,Children,3.6,0.0,1.0
1899,Comedy,2.8,-0.3999999999999999,2.0
1899,Drama,3.5,0.0,1.0
1899,Fantasy,3.0666666666666664,-0.2333333333333333,3.0
1899,Horror,3.2,-0.35,2.0
1899,Sci-Fi,3.6,0.0,1.0
1900,Action,2.2,0.0,1.0
1900,Animation,1.5,0.0,1.0
1900,Comedy,2.6666666666666665,0.0,3.0
1900,Documentary,2.733333333333333,0.0,3.0
1900,Drama,3.0,0.0,1.0
1900,Fantasy,2.85,-0.2,2.0
1900,Romance,2.966666666666667,0.3666666666666667,3.0
1900,Thriller,2.2,0.0,1.0
1901,Action,2.5,0.0,1.0
1901,Comedy,2.7750000000000004,-0.125,4.0
1901,Crime,2.25,-0.15,2.0
1901,Documentary,2.75,0.0,4.0
1901,Drama,2.833333333333333,-0.1333333333333333,3.0
1901,Fantasy,3.45,-0.3,2.0
1901,Horror,3.5,-0.1,1.0
1901,Sci-Fi,3.4,-0.5,1.0
1902,Action,3.7,1.7999999999999998,1.0
1902,Adventure,3.7,1.7999999999999998,1.0
1902,Drama,2.5,0.6,1.0
1902,Fantasy,2.85,0.8999999999999999,2.0
1902,Sci-Fi,3.7,1.7999999999999998,1.0
1903,Adventure,3.5,0.0,1.0
1903,Comedy,2.733333333333333,-0.0166666666666666,6.0
1903,Crime,3.3,-0.3999999999999999,1.0
1903,Documentary,3.0,0.0,1.0
1903,Drama,3.6,-0.4,1.0
1903,Fantasy,3.055555555555556,-0.0777777777777777,9.0
1903,Horror,3.0,-0.1666666666666666,3.0
1903,Romance,2.0,0.0,1.0
1903,Western,3.3,-0.3999999999999999,1.0
1904,Adventure,3.2,-1.1,1.0
1904,Comedy,4.1,0.0,1.0
1904,Documentary,3.0,0.0,1.0
1904,Fantasy,3.1500000000000004,-0.6000000000000001,2.0
1904,Sci-Fi,3.2,-1.1,1.0
1905,Children,2.5,0.0,1.0
1905,Documentary,2.5,0.0,1.0
1905,Drama,3.0,0.5,1.0
1905,Fantasy,2.833333333333333,0.0666666666666666,3.0
1906,Action,2.0,-0.3,1.0
1906,Animation,2.8,0.0,1.0
1906,Comedy,2.771428571428572,-0.1285714285714285,7.0
1906,Crime,2.45,-0.4499999999999999,2.0
1906,Drama,2.0,-0.3,1.0
1906,Fantasy,2.785714285714286,0.0,7.0
1906,Horror,2.8,-1.5,1.0
1906,Sci-Fi,2.5,0.0,1.0
1907,Comedy,2.3,0.0,5.0
1907,Fantasy,2.58,-0.0799999999999999,5.0
1907,Horror,3.3,-0.7999999999999999,1.0
1908,Animation,3.0,-0.1999999999999999,1.0
1908,Comedy,3.0142857142857147,-0.0857142857142857,7.0
1908,Crime,3.0,-0.1,1.0
1908,Fantasy,3.333333333333333,0.1666666666666667,3.0
1908,Horror,3.6,-0.5,1.0
1908,Sci-Fi,3.5,-0.0999999999999999,2.0
1909,Comedy,2.933333333333333,-0.2333333333333334,6.0
1909,Crime,3.1,0.0,1.0
1909,Documentary,3.8,0.0,1.0
1909,Drama,2.15,0.3,2.0
1909,Fantasy,2.9,0.26,5.0
1909,Horror,2.5,0.5333333333333333,3.0
1910,Adventure,2.6,0.0,1.0
1910,Comedy,2.6,0.0,1.0
1910,Drama,2.9333333333333336,0.1999999999999999,3.0
1910,Fantasy,2.6,0.0,1.0
1910,Horror,3.2,0.7,1.0
1910,Sci-Fi,3.05,0.4499999999999999,2.0
1910,War,2.5,-0.6,1.0
1911,Adventure,3.4,-0.7,1.0
1911,Animation,3.6,0.0,1.0
1911,Comedy,3.55,0.0,2.0
1911,Drama,3.4,-0.7,1.0
1911,Fantasy,3.45,-0.35,2.0
1911,Horror,3.4,-0.7,1.0
1912,Adventure,3.0,0.0,1.0
1912,Animation,3.5,-1.3,1.0
1912,Comedy,3.0,-0.2333333333333333,3.0
1912,Crime,3.2,0.0,1.0
1912,Drama,3.0666666666666664,0.0,3.0
1912,Fantasy,2.75,-0.15,2.0
1912,Romance,3.0,0.0,1.0
1912,Sci-Fi,3.0,0.0,1.0
1912,Western,3.0,0.0,1.0
1913,Adventure,2.3,0.4,1.0
1913,Crime,3.3,-0.5,1.0
1913,Drama,2.766666666666667,-0.75,6.0
1913,Horror,3.0,0.0,1.0
1914,Action,2.6,0.0,1.0
1914,Adventure,2.2,-0.1999999999999999,3.0
1914,Animation,2.9,0.0,1.0
1914,Children,2.2,0.1333333333333333,3.0
1914,Comedy,2.7916666666666665,-0.0416666666666666,12.0
1914,Drama,3.1800000000000006,-0.3399999999999999,5.0
1914,Fantasy,2.2333333333333334,0.1333333333333333,3.0
1914,Horror,3.2,0.0,1.0
1914,Romance,3.0,0.0,1.0
1914,War,3.1,-0.5,2.0
1914,Western,3.2,0.0,1.0
1915,Action,3.6,-1.1,1.0
1915,Adventure,3.6,-1.1,1.0
1915,Animation,3.5,-0.3,2.0
1915,Children,2.8,0.2,1.0
1915,Comedy,3.14,0.0799999999999999,5.0
1915,Drama,3.22,-1.0399999999999998,10.0
1915,Fantasy,3.15,0.1,2.0
1915,Horror,3.6,-1.1,1.0
1915,Thriller,3.6,-1.1,1.0
1915,War,3.05,-3.399999999999999,2.0
1915,Western,1.8,0.0,1.0
1916,Action,3.2,-0.5,1.0
1916,Adventure,3.3,-0.25,2.0
1916,Animation,2.8,0.0,1.0
1916,Comedy,3.12,0.1199999999999999,10.0
1916,Crime,2.9,0.0,2.0
1916,Documentary,3.0,0.6,1.0
1916,Drama,3.22,-0.19,10.0
1916,Fantasy,3.3,0.0,1.0
1916,Mystery,3.9,0.1,1.0
1916,Romance,3.05,0.1999999999999999,4.0
1916,Sci-Fi,3.2,-0.5,1.0
1916,War,2.9,0.3,2.0
1916,Western,3.5,-0.3,1.0
1917,Action,3.2,0.0,1.0
1917,Adventure,3.0,0.0,1.0
1917,Comedy,3.077777777777778,-0.1111111111111111,9.0
1917,Drama,2.685714285714286,-0.6428571428571429,7.0
1917,Fantasy,2.5,-1.1,1.0
1917,Romance,2.65,-0.55,2.0
1917,Western,3.3,-0.35,2.0
1918,Comedy,3.042857142857143,-0.4142857142857142,7.0
1918,Drama,3.025,0.0249999999999999,4.0
1918,Fantasy,3.2,0.6,1.0
1918,Romance,3.3,0.0,1.0
1918,War,3.4,0.0,1.0
1919,Action,3.05,0.15,2.0
1919,Adventure,2.85,0.3,2.0
1919,Comedy,3.2,0.1636363636363636,11.0
1919,Documentary,3.4,0.2,1.0
1919,Drama,3.325,-0.1333333333333333,12.0
1919,Fantasy,3.9,1.1,1.0
1919,Horror,3.7,0.0,1.0
1919,Romance,3.2,-0.5666666666666668,3.0
1919,War,3.85,-0.25,2.0
1919,Western,2.9,0.0,1.0
1920,Action,1.8,0.3,1.0
1920,Adventure,2.8666666666666667,0.0999999999999999,3.0
1920,Comedy,3.3777777777777778,0.0666666666666666,9.0
1920,Crime,3.65,-3.55,2.0
1920,Drama,3.125,0.0124999999999999,8.0
1920,Fantasy,3.55,-3.55,2.0
1920,Horror,3.4,-1.775,4.0
1920,Romance,3.475,-0.05,4.0
1920,Sci-Fi,3.1,0.0,1.0
1920,Western,3.033333333333333,0.2333333333333333,3.0
1921,Action,3.15,0.0,2.0
1921,Adventure,3.033333333333333,0.0,3.0
1921,Animation,1.5,0.0,1.0
1921,Comedy,3.06875,-0.05,16.0
1921,Crime,3.0,0.0,2.0
1921,Drama,3.142857142857143,-0.2571428571428572,14.0
1921,Fantasy,3.5,-1.7999999999999998,1.0
1921,Horror,2.9,0.0,1.0
1921,Mystery,2.9,0.0,1.0
1921,Romance,2.9875,-0.1125,8.0
1921,Thriller,3.5,0.0,1.0
1921,War,3.1,-1.7000000000000002,1.0
1922,Action,3.2,-0.5,1.0
1922,Adventure,3.5,0.0,1.0
1922,Animation,2.5,0.5,2.0
1922,Comedy,3.311111111111111,0.0999999999999999,9.0
1922,Crime,3.35,-1.95,2.0
1922,Documentary,2.7,-1.4249999999999998,4.0
1922,Drama,3.036363636363636,-0.0272727272727272,11.0
1922,Fantasy,3.2,-0.3,1.0
1922,Horror,3.75,-4.65,2.0
1922,Mystery,3.3,-1.95,2.0
1922,Romance,3.0428571428571423,-0.1142857142857143,7.0
1922,Thriller,3.3,-1.95,2.0
1922,War,3.0,0.0,1.0
1923,Action,3.9,0.6,1.0
1923,Adventure,3.6,0.0,1.0
1923,Animation,2.9,0.0,1.0
1923,Comedy,3.3818181818181814,0.0636363636363636,11.0
1923,Drama,3.2,-0.5,12.0
1923,Fantasy,2.4,-0.3,1.0
1923,Horror,3.35,-1.4,2.0
1923,Romance,3.16,0.12,5.0
1924,Action,3.5,0.0999999999999999,3.0
1924,Adventure,3.6,-0.5000000000000001,5.0
1924,Animation,2.45,-0.2,2.0
1924,Comedy,3.45,-0.0124999999999999,8.0
1924,Crime,3.1,-1.9,1.0
1924,Documentary,3.15,0.0,2.0
1924,Drama,3.511764705882353,-0.4647058823529413,17.0
1924,Fantasy,3.68,-0.1800000000000001,5.0
1924,Horror,3.1,-1.9,1.0
1924,Romance,3.5000000000000004,-0.2777777777777778,9.0
1924,Sci-Fi,3.1,-0.1,1.0
1924,Thriller,3.233333333333333,-0.2666666666666666,3.0
1924,Western,3.8,0.0,1.0
1925,Action,3.0,0.0,1.0
1925,Adventure,3.7,-0.7800000000000001,5.0
1925,Animation,3.5,0.0,1.0
1925,Children,3.5,-2.8000000000000003,1.0
1925,Comedy,3.52,-0.1,10.0
1925,Crime,3.5,-0.1666666666666666,3.0
1925,Documentary,3.3,0.0,2.0
1925,Drama,3.2428571428571424,-0.3190476190476191,21.0
1925,Fantasy,3.5,-2.8000000000000003,1.0
1925,Horror,3.25,0.55,2.0
1925,Mystery,3.0,-0.0999999999999999,1.0
1925,Romance,3.5700000000000003,-0.2799999999999999,10.0
1925,Sci-Fi,3.1,-0.1999999999999999,2.0
1925,War,3.5,-2.2,3.0
1925,Western,3.3,-0.2,2.0
1926,Action,3.2,0.0,3.0
1926,Adventure,3.55,-0.1999999999999999,4.0
1926,Animation,3.7,0.0,1.0
1926,Comedy,3.463636363636364,-0.3999999999999998,11.0
1926,Crime,3.2,0.0,1.0
1926,Documentary,3.1,0.0,4.0
1926,Drama,3.333333333333333,-0.2541666666666667,24.0
1926,Fantasy,3.266666666666667,-1.6666666666666663,3.0
1926,Horror,3.35,-2.5,2.0
1926,Mystery,3.5,0.0,1.0
1926,Romance,3.3687499999999995,-0.0062499999999999,16.0
1926,Thriller,3.5,0.0,1.0
1926,War,3.5500000000000003,-1.4499999999999995,4.0
1926,Western,2.9333333333333336,0.0,3.0
1927,Action,3.7,-0.5999999999999999,1.0
1927,Adventure,3.0666666666666664,0.0666666666666666,3.0
1927,Children,3.7,-0.4,1.0
1927,Comedy,2.977777777777778,0.0999999999999999,9.0
1927,Crime,3.3000000000000003,-1.1333333333333333,3.0
1927,Documentary,3.45,0.0,2.0
1927,Drama,3.2826086956521734,0.2913043478260869,23.0
1927,Film-Noir,3.4,-1.6,1.0
1927,Horror,3.266666666666667,-0.1666666666666666,3.0
1927,Musical,3.0,-0.3,1.0
1927,Mystery,3.3,-0.5,1.0
1927,Romance,3.0352941176470587,0.2411764705882353,17.0
1927,Sci-Fi,3.75,5.35,2.0
1927,Thriller,3.5,-1.7999999999999998,1.0
1927,War,3.6,3.7007434154171876e-17,3.0
1928,Action,3.1666666666666665,-0.0999999999999999,3.0
1928,Adventure,3.5,0.0,1.0
1928,Animation,3.2,0.25,2.0
1928,Children,3.2,0.25,2.0
1928,Comedy,3.375,0.1999999999999999,16.0
1928,Crime,3.033333333333333,-0.6333333333333333,3.0
1928,Documentary,2.8,-0.1,2.0
1928,Drama,3.358333333333333,0.1249999999999999,36.0
1928,Fantasy,3.15,0.15,2.0
1928,Film-Noir,3.4,0.0,1.0
1928,Horror,3.3,0.3,1.0
1928,Musical,3.5,0.5,1.0
1928,Mystery,3.8,0.15,2.0
1928,Romance,3.3230769230769237,0.1923076923076923,13.0
1928,Thriller,3.5,-0.5,1.0
1928,War,3.3166666666666664,-0.3999999999999999,6.0
1928,Western,3.05,-0.2,2.0
1929,Action,4.2,0.5,1.0
1929,Adventure,3.8,0.7333333333333333,3.0
1929,Animation,2.933333333333333,-0.4666666666666667,6.0
1929,Children,3.0,0.0,1.0
1929,Comedy,3.2416666666666667,-0.0666666666666666,12.0
1929,Crime,3.25,-0.25,4.0
1929,Documentary,2.75,0.0,2.0
1929,Drama,3.2,0.1152173913043478,46.0
1929,Fantasy,3.8,1.3000000000000005,1.0
1929,Musical,3.0125,0.025,8.0
1929,Mystery,3.5,0.0,2.0
1929,Romance,3.0125,0.18125,16.0
1929,Sci-Fi,3.3,0.0,1.0
1929,Thriller,3.25,0.0,2.0
1929,Western,4.0,0.0,1.0
1930,Action,3.533333333333333,-4.1,3.0
1930,Adventure,3.2999999999999994,0.1666666666666666,3.0
1930,Animation,2.890909090909091,0.0363636363636363,11.0
1930,Comedy,2.796153846153847,-0.0269230769230769,26.0
1930,Crime,3.0625,-0.3,8.0
1930,Documentary,3.18,0.0599999999999999,5.0
1930,Drama,3.075555555555556,-0.5333333333333332,45.0
1930,Fantasy,3.55,-0.3,2.0
1930,Film-Noir,2.5,-2.0,1.0
1930,Musical,2.872727272727273,-0.0909090909090909,11.0
1930,Mystery,3.1,-0.075,4.0
1930,Romance,3.0434782608695654,0.0391304347826087,23.0
1930,Sci-Fi,1.6,0.1,1.0
1930,Thriller,3.4666666666666663,-0.3666666666666667,3.0
1930,War,3.4000000000000004,-3.316666666666667,6.0
1930,Western,3.1,0.1666666666666666,3.0
1931,Action,3.7,1.2000000000000002,1.0
1931,Adventure,2.9333333333333336,-0.2666666666666666,3.0
1931,Animation,2.83,0.05,10.0
1931,Comedy,3.3793103448275854,1.0482758620689656,29.0
1931,Crime,3.1823529411764704,-0.6764705882352942,17.0
1931,Drama,3.195384615384616,0.0323076923076923,65.0
1931,Film-Noir,3.7,-5.7,2.0
1931,Horror,3.371428571428571,-3.242857142857143,7.0
1931,Musical,3.583333333333333,0.15,6.0
1931,Mystery,2.8142857142857145,-0.5857142857142856,7.0
1931,Romance,3.066666666666665,0.9033333333333334,30.0
1931,Sci-Fi,3.8,-14.7,1.0
1931,Thriller,3.9,-3.0500000000000003,4.0
1931,War,3.25,-0.0999999999999999,2.0
1931,Western,3.1,0.3999999999999999,1.0
1932,Action,2.9333333333333336,-0.1333333333333333,3.0
1932,Adventure,3.1,-0.6888888888888888,9.0
1932,Animation,3.1750000000000003,-0.0916666666666666,12.0
1932,Children,3.35,-0.55,2.0
1932,Comedy,3.105405405405405,0.1432432432432432,37.0
1932,Crime,2.92,-1.8333333333333333,15.0
1932,Drama,3.0662162162162163,-0.4635135135135135,74.0
1932,Fantasy,3.325,-0.25,4.0
1932,Film-Noir,3.25,-0.9,2.0
1932,Horror,3.075,-2.2583333333333333,12.0
1932,Musical,3.65,0.2,2.0
1932,Mystery,2.5333333333333337,-0.225,12.0
1932,Romance,3.0861111111111104,-0.1611111111111111,36.0
1932,Sci-Fi,3.1333333333333333,-1.1333333333333335,3.0
1932,Thriller,3.142857142857143,-0.6428571428571429,7.0
1932,War,3.333333333333333,-0.6666666666666666,3.0
1932,Western,1.0,0.0,1.0
1933,Action,2.9333333333333336,-0.5333333333333332,6.0
1933,Adventure,3.2142857142857144,-0.3857142857142856,7.0
1933,Animation,3.1750000000000003,-0.1583333333333333,12.0
1933,Children,3.65,-0.25,4.0
1933,Comedy,3.21875,0.1291666666666666,48.0
1933,Crime,3.233333333333333,-0.5833333333333333,12.0
1933,Documentary,3.4,-1.5,1.0
1933,Drama,3.2661538461538453,-0.1169230769230769,65.0
1933,Fantasy,2.8400000000000003,-0.3599999999999999,5.0
1933,Horror,3.2555555555555555,-0.8333333333333331,9.0
1933,Musical,3.3181818181818183,-0.109090909090909,11.0
1933,Mystery,3.4,-0.9142857142857144,7.0
1933,Romance,3.1926829268292685,0.0512195121951219,41.0
1933,Sci-Fi,3.3,-0.0999999999999999,2.0
1933,Thriller,3.28,-1.36,5.0
1933,War,3.44,0.16,5.0
1933,Western,2.375,0.075,4.0
1934,Action,2.95,-0.0833333333333333,6.0
1934,Adventure,3.15,-0.375,8.0
1934,Animation,3.0375,-0.15,8.0
1934,Children,3.3000000000000003,0.6000000000000001,3.0
1934,Comedy,3.2,0.2354166666666666,48.0
1934,Crime,2.9642857142857144,-0.1428571428571428,14.0
1934,Documentary,3.35,-0.8500000000000002,4.0
1934,Drama,3.215624999999999,-0.1609374999999999,64.0
1934,Fantasy,3.4250000000000003,0.125,4.0
1934,Horror,2.6,-2.0,3.0
1934,Musical,3.333333333333333,0.1666666666666666,12.0
1934,Mystery,2.6714285714285717,-0.2428571428571428,7.0
1934,Romance,3.1260869565217395,0.1978260869565216,46.0
1934,Sci-Fi,3.8,0.0,1.0
1934,Thriller,2.9,-1.35,6.0
1934,War,2.933333333333333,-0.2333333333333333,6.0
1934,Western,2.5700000000000003,0.03,10.0
1935,Action,2.54,-0.18,10.0
1935,Adventure,3.138461538461537,0.0153846153846153,13.0
1935,Animation,3.2500000000000004,0.0,14.0
1935,Children,3.2400000000000007,0.0999999999999999,5.0
1935,Comedy,3.1403846153846144,0.1788461538461538,52.0
1935,Crime,3.0000000000000004,-0.2411764705882352,17.0
1935,Drama,3.104918032786885,-0.0983606557377048,61.0
1935,Fantasy,3.016666666666667,0.2999999999999999,6.0
1935,Horror,2.925,-1.125,8.0
1935,Musical,3.1,0.25,10.0
1935,Mystery,2.585714285714286,-0.4928571428571427,14.0
1935,Romance,3.024489795918368,0.1551020408163265,49.0
1935,Sci-Fi,2.6800000000000006,-0.4,5.0
1935,Thriller,2.844444444444445,-0.7999999999999999,9.0
1935,War,2.7,0.2,2.0
1935,Western,2.65,0.1375,8.0
1936,Action,2.7,0.175,4.0
1936,Adventure,2.91,0.2,10.0
1936,Animation,3.1461538461538456,0.0,13.0
1936,Children,3.1333333333333333,0.0,3.0
1936,Comedy,3.1862745098039214,0.3509803921568627,51.0
1936,Crime,2.922222222222222,-0.2166666666666666,18.0
1936,Documentary,2.8,-1.2,1.0
1936,Drama,3.185,0.0183333333333333,60.0
1936,Fantasy,2.825,0.15,4.0
1936,Film-Noir,3.8,-2.0,1.0
1936,Horror,2.988888888888889,-0.9333333333333332,9.0
1936,Musical,3.272222222222222,0.1777777777777777,18.0
1936,Mystery,2.9,0.0916666666666666,12.0
1936,Romance,3.302083333333334,0.3749999999999999,48.0
1936,Sci-Fi,2.8285714285714287,-0.8285714285714285,7.0
1936,Thriller,3.15,-0.3249999999999999,8.0
1936,War,2.8,-0.22,5.0
1936,Western,2.628571428571429,0.0,7.0
1937,Action,3.1,-0.1499999999999999,8.0
1937,Adventure,3.0937500000000004,0.0375,16.0
1937,Animation,3.2909090909090906,0.0909090909090908,11.0
1937,Children,3.4,0.3,5.0
1937,Comedy,3.120000000000001,0.1327272727272727,55.0
1937,Crime,3.076190476190476,-0.2952380952380952,21.0
1937,Documentary,3.3,-1.2,1.0
1937,Drama,3.102739726027398,-0.1561643835616437,73.0
1937,Fantasy,3.35,0.4249999999999999,4.0
1937,Film-Noir,3.4333333333333336,0.0666666666666666,3.0
1937,Musical,3.1666666666666674,0.1833333333333333,12.0
1937,Mystery,2.7,0.0636363636363636,11.0
1937,Romance,3.140384615384616,0.1519230769230768,52.0
1937,Sci-Fi,4.25,-1.1,2.0
1937,Thriller,3.0,0.0357142857142857,14.0
1937,War,3.185714285714285,-1.1571428571428568,7.0
1937,Western,2.7,0.2,4.0
1938,Action,3.2,-0.06,5.0
1938,Adventure,2.733333333333333,0.1333333333333333,9.0
1938,Animation,3.418181818181817,0.0,11.0
1938,Children,3.733333333333333,0.4666666666666667,6.0
1938,Comedy,3.209615384615385,0.6038461538461538,52.0
1938,Crime,2.85,-0.2625,16.0
1938,Documentary,3.1,0.0,3.0
1938,Drama,3.231034482758621,0.0810344827586207,58.0
1938,Fantasy,3.4666666666666663,0.0333333333333333,3.0
1938,Film-Noir,3.45,-0.35,2.0
1938,Horror,3.15,-0.4499999999999999,2.0
1938,Musical,3.166666666666666,0.3166666666666666,12.0
1938,Mystery,3.083333333333333,-0.2333333333333333,12.0
1938,Romance,3.254761904761905,0.7952380952380949,42.0
1938,Sci-Fi,3.45,-0.4499999999999999,2.0
1938,Thriller,3.142857142857143,-0.3142857142857142,7.0
1938,War,3.275,-0.4125,8.0
1938,Western,2.675,0.0,4.0
1939,Action,3.1875,0.2499999999999999,8.0
1939,Adventure,3.115,0.13,20.0
1939,Animation,3.1125000000000003,0.0375,8.0
1939,Children,3.3599999999999994,0.9200000000000002,5.0
1939,Comedy,3.135555555555555,0.0155555555555555,45.0
1939,Crime,2.9966666666666666,-0.1899999999999999,30.0
1939,Drama,3.25820895522388,-0.1402985074626865,67.0
1939,Fantasy,3.125,0.7750000000000001,4.0
1939,Horror,2.6142857142857143,-0.2571428571428571,7.0
1939,Musical,3.13,0.41,10.0
1939,Mystery,3.0083333333333333,-0.0708333333333333,24.0
1939,Romance,3.402631578947368,-0.4052631578947367,38.0
1939,Sci-Fi,2.925,-0.775,4.0
1939,Thriller,3.1666666666666665,-0.1333333333333333,18.0
1939,War,3.3000000000000003,-1.8555555555555547,9.0
1939,Western,3.2,0.13,10.0
1940,Action,3.2166666666666663,-0.3,12.0
1940,Adventure,3.2500000000000004,-0.1124999999999999,16.0
1940,Animation,3.125,0.8749999999999999,8.0
1940,Children,3.371428571428571,1.0,7.0
1940,Comedy,3.26,0.5436363636363637,55.0
1940,Crime,3.1125000000000003,-0.2499999999999999,16.0
1940,Documentary,1.8,-0.3,1.0
1940,Drama,3.317105263157895,0.2802631578947369,76.0
1940,Fantasy,3.333333333333333,1.2333333333333332,6.0
1940,Film-Noir,3.45,-0.825,4.0
1940,Horror,2.833333333333334,-0.8999999999999999,9.0
1940,Musical,3.291666666666666,0.8166666666666665,12.0
1940,Mystery,3.0400000000000005,-0.3533333333333332,15.0
1940,Romance,3.251111111111111,0.7666666666666668,45.0
1940,Sci-Fi,2.733333333333333,-0.7333333333333333,9.0
1940,Thriller,3.2200000000000006,-0.2666666666666665,15.0
1940,War,3.275,-0.6125,8.0
1940,Western,3.016666666666667,-0.5499999999999999,12.0
1941,Action,3.1500000000000004,-0.0999999999999999,10.0
1941,Adventure,3.225,0.025,8.0
1941,Animation,2.958823529411765,-0.1705882352941176,17.0
1941,Children,3.35,-1.1,4.0
1941,Comedy,3.2826086956521734,0.1550724637681159,69.0
1941,Crime,3.085714285714286,-0.0499999999999999,14.0
1941,Drama,3.240909090909092,0.2651515151515157,66.0
1941,Fantasy,3.111111111111111,-0.0555555555555555,9.0
1941,Film-Noir,3.4666666666666663,0.4444444444444446,9.0
1941,Horror,2.9300000000000006,-0.8299999999999998,10.0
1941,Musical,3.3235294117647065,-0.0470588235294117,17.0
1941,Mystery,3.0875000000000004,2.1250000000000018,16.0
1941,Romance,3.270588235294117,0.2058823529411765,51.0
1941,Sci-Fi,2.833333333333333,-0.5,3.0
1941,Thriller,3.261111111111111,-0.611111111111111,18.0
1941,War,3.4250000000000003,-0.3,12.0
1941,Western,2.95,0.0125,8.0
1942,Action,2.938461538461538,-0.1846153846153846,13.0
1942,Adventure,3.1375,-0.0999999999999999,8.0
1942,Animation,3.294117647058824,-0.2117647058823528,17.0
1942,Children,3.06,-0.6399999999999999,5.0
1942,Comedy,3.35625,0.1291666666666666,48.0
1942,Crime,2.957142857142857,-0.3285714285714285,21.0
1942,Documentary,3.0,-2.0,1.0
1942,Drama,3.106666666666668,0.0700000000000001,60.0
1942,Fantasy,3.3166666666666664,0.25,6.0
1942,Film-Noir,3.0666666666666664,-0.5833333333333334,6.0
1942,Horror,2.8222222222222224,-1.1777777777777778,9.0
1942,Musical,3.5571428571428574,0.1571428571428571,7.0
1942,Mystery,3.1,-0.331578947368421,19.0
1942,Romance,3.25,0.4421052631578946,38.0
1942,Sci-Fi,2.55,-1.05,2.0
1942,Thriller,3.1,-0.5777777777777778,18.0
1942,War,3.1296296296296298,-0.4925925925925925,27.0
1942,Western,2.56,0.0,5.0
1943,Action,3.077777777777777,-0.611111111111111,9.0
1943,Adventure,3.033333333333333,-0.2333333333333332,9.0
1943,Animation,2.972727272727272,-0.2545454545454545,11.0
1943,Children,3.133333333333333,-0.0166666666666666,6.0
1943,Comedy,3.063414634146341,0.0048780487804878,41.0
1943,Crime,3.025,-1.55,8.0
1943,Documentary,3.388888888888889,-0.977777777777778,9.0
1943,Drama,3.3135593220338984,-0.528813559322034,59.0
1943,Fantasy,3.357142857142857,-0.3285714285714284,7.0
1943,Film-Noir,3.066666666666667,-1.9666666666666668,3.0
1943,Horror,2.8363636363636364,-1.4909090909090912,11.0
1943,Musical,3.0875,0.04375,16.0
1943,Mystery,2.6727272727272724,-0.7000000000000001,11.0
1943,Romance,3.164705882352941,-0.1117647058823529,34.0
1943,Sci-Fi,2.3666666666666667,-0.7000000000000001,3.0
1943,Thriller,3.3,-1.4846153846153844,13.0
1943,War,3.2540540540540546,-0.7999999999999999,37.0
1943,Western,2.93,0.05,10.0
1944,Action,2.8,-0.375,4.0
1944,Adventure,2.95,0.11,10.0
1944,Animation,2.9,0.0,10.0
1944,Children,3.25,0.6000000000000001,2.0
1944,Comedy,3.1903225806451614,0.2193548387096774,31.0
1944,Crime,3.126666666666667,-1.24,15.0
1944,Documentary,3.125,-0.675,4.0
1944,Drama,3.1102941176470598,-0.410294117647059,68.0
1944,Fantasy,2.82,-0.06,5.0
1944,Film-Noir,3.27,-1.4300000000000004,10.0
1944,Horror,2.64,-0.74,15.0
1944,Musical,3.023076923076923,0.3923076923076923,13.0
1944,Mystery,3.2,-0.4699999999999999,20.0
1944,Romance,3.196428571428572,-0.0642857142857142,28.0
1944,Sci-Fi,1.95,-0.5,2.0
1944,Thriller,3.2888888888888888,-0.8666666666666667,18.0
1944,War,3.309523809523808,-0.2095238095238094,21.0
1944,Western,2.85,0.1999999999999999,6.0
1945,Action,2.975,0.1249999999999999,4.0
1945,Adventure,2.8400000000000003,0.0699999999999999,10.0
1945,Animation,3.26875,-0.05,16.0
1945,Children,2.2,0.0,3.0
1945,Comedy,3.217647058823529,0.0029411764705882,34.0
1945,Crime,3.0562499999999995,-0.3875,16.0
1945,Documentary,2.7833333333333337,-0.55,6.0
1945,Drama,3.187301587301587,-0.0666666666666666,63.0
1945,Fantasy,3.35,0.0166666666666666,6.0
1945,Film-Noir,3.14375,-0.4249999999999999,16.0
1945,Horror,3.27,-0.92,10.0
1945,Musical,3.1,0.2,11.0
1945,Mystery,3.15,-0.8136363636363634,22.0
1945,Romance,3.306896551724137,0.1517241379310345,29.0
1945,Thriller,3.01764705882353,-0.7294117647058823,17.0
1945,War,3.1388888888888884,-0.2388888888888888,18.0
1945,Western,2.76,0.24,5.0
1946,Action,2.88,-0.52,5.0
1946,Adventure,3.0666666666666664,-2.5,3.0
1946,Animation,3.207142857142857,-0.2714285714285714,14.0
1946,Children,3.377777777777778,3.1444444444444453,9.0
1946,Comedy,3.4684210526315797,-0.0368421052631579,19.0
1946,Crime,3.1000000000000005,-0.2428571428571428,28.0
1946,Documentary,4.0,-1.0,1.0
1946,Drama,3.247142857142856,0.0999999999999999,70.0
1946,Fantasy,4.0,6.460000000000003,5.0
1946,Film-Noir,3.4450000000000003,-0.0649999999999999,20.0
1946,Horror,2.6333333333333333,-1.75,6.0
1946,Musical,3.275,0.0624999999999999,8.0
1946,Mystery,3.063636363636364,-0.2727272727272726,22.0
1946,Romance,3.366666666666668,1.0444444444444447,27.0
1946,Thriller,3.22,-0.2349999999999998,20.0
1946,War,3.3599999999999994,-1.14,5.0
1946,Western,3.06,0.1899999999999999,10.0
1947,Action,3.0,-0.0875,8.0
1947,Adventure,3.11875,0.05,16.0
1947,Animation,3.0733333333333333,0.0266666666666666,15.0
1947,Children,3.5,-0.0999999999999999,7.0
1947,Comedy,3.33953488372093,0.1837209302325581,43.0
1947,Crime,3.1312500000000005,-0.259375,32.0
1947,Documentary,3.5,-0.8999999999999999,1.0
1947,Drama,3.195402298850574,-0.1298850574712644,87.0
1947,Fantasy,3.4,0.6999999999999998,6.0
1947,Film-Noir,3.320588235294117,-0.4294117647058823,34.0
1947,Horror,1.3,0.0,1.0
1947,Musical,3.45,0.2625,8.0
1947,Mystery,2.8875,-0.2625,16.0
1947,Romance,3.2256410256410257,0.1282051282051282,39.0
1947,Thriller,3.0375,-0.1166666666666666,24.0
1947,War,3.475,-0.0249999999999999,4.0
1947,Western,3.15,-0.08,10.0
1948,Action,3.271428571428572,-0.1357142857142857,14.0
1948,Adventure,3.409090909090909,-0.1181818181818182,11.0
1948,Animation,3.01875,0.0,16.0
1948,Children,3.266666666666667,0.15,12.0
1948,Comedy,3.2350000000000008,0.1074999999999999,40.0
1948,Crime,3.0176470588235293,-0.5588235294117647,34.0
1948,Documentary,2.5,-0.4,4.0
1948,Drama,3.241111111111111,-0.3366666666666666,90.0
1948,Fantasy,3.4125,0.5125000000000001,8.0
1948,Film-Noir,3.334782608695652,-0.6869565217391305,23.0
1948,Horror,3.3000000000000003,-0.5,3.0
1948,Musical,3.25,0.36,10.0
1948,Mystery,3.06875,-0.2312499999999999,16.0
1948,Romance,3.3882352941176466,0.2647058823529412,34.0
1948,Sci-Fi,2.6,0.6,1.0
1948,Thriller,3.233333333333333,-0.9874999999999998,24.0
1948,War,3.3285714285714287,-0.2999999999999999,7.0
1948,Western,3.1750000000000003,-0.125,16.0
1949,Action,2.9666666666666663,-0.6666666666666666,6.0
1949,Adventure,2.8888888888888884,-0.0888888888888888,9.0
1949,Animation,2.971428571428572,0.05,14.0
1949,Children,3.08,0.19,10.0
1949,Comedy,3.223529411764705,-0.0735294117647058,34.0
1949,Crime,3.175757575757576,-0.3878787878787878,33.0
1949,Documentary,3.5,0.0,1.0
1949,Drama,3.149532710280374,-0.208411214953271,107.0
1949,Fantasy,2.325,0.275,4.0
1949,Film-Noir,3.287096774193547,-0.2548387096774194,31.0
1949,Horror,2.95,-0.0499999999999999,2.0
1949,Musical,3.4125,0.2875,8.0
1949,Mystery,2.8230769230769237,0.6307692307692305,13.0
1949,Romance,3.276470588235294,0.2088235294117646,34.0
1949,Sci-Fi,3.0,0.3,2.0
1949,Thriller,3.094117647058824,-0.0882352941176471,17.0
1949,War,3.3199999999999994,-1.62,5.0
1949,Western,2.975,-0.2375,8.0
1950,Action,3.076923076923077,0.0692307692307692,13.0
1950,Adventure,3.3307692307692305,0.1384615384615384,13.0
1950,Animation,3.4000000000000004,0.2444444444444444,9.0
1950,Children,3.2142857142857144,0.6285714285714287,7.0
1950,Comedy,3.2279069767441864,0.3302325581395349,43.0
1950,Crime,3.2297297297297307,-0.5297297297297299,37.0
1950,Documentary,3.7,0.7,1.0
1950,Drama,3.2484210526315787,-0.0884210526315789,95.0
1950,Fantasy,3.8333333333333335,4.033333333333332,3.0
1950,Film-Noir,3.228571428571429,-0.3392857142857143,28.0
1950,Horror,3.3,0.0,1.0
1950,Musical,3.091666666666667,0.375,12.0
1950,Mystery,3.107142857142857,-0.7714285714285714,14.0
1950,Romance,3.2428571428571424,0.1142857142857142,42.0
1950,Sci-Fi,2.8,-0.075,4.0
1950,Thriller,3.1625,-0.2,16.0
1950,War,3.475,-0.3875,8.0
1950,Western,3.273684210526316,0.0421052631578947,19.0
1951,Action,3.158333333333333,-0.3833333333333333,12.0
1951,Adventure,3.106666666666667,0.8999999999999998,15.0
1951,Animation,3.2,0.757142857142857,7.0
1951,Children,2.9857142857142853,0.957142857142857,7.0
1951,Comedy,3.25,0.2886363636363636,44.0
1951,Crime,3.093939393939394,-0.0393939393939393,33.0
1951,Documentary,2.8,-0.2,2.0
1951,Drama,3.235416666666667,-0.1947916666666665,96.0
1951,Fantasy,3.4500000000000006,0.6166666666666664,6.0
1951,Film-Noir,3.2315789473684213,0.0105263157894737,19.0
1951,Horror,2.9250000000000003,-0.7,4.0
1951,Musical,3.2294117647058824,0.4117647058823528,17.0
1951,Mystery,2.8,-0.1599999999999999,5.0
1951,Romance,3.211764705882353,0.4705882352941176,34.0
1951,Sci-Fi,3.1545454545454543,-0.4090909090909091,11.0
1951,Thriller,3.213636363636364,0.0227272727272727,22.0
1951,War,3.4,-0.16,15.0
1951,Western,2.683333333333333,-0.1222222222222222,18.0
1952,Action,3.111111111111111,-0.0277777777777777,18.0
1952,Adventure,3.105,-0.075,20.0
1952,Animation,3.085714285714286,-0.0642857142857143,14.0
1952,Children,3.1750000000000003,0.0,8.0
1952,Comedy,3.312765957446808,0.4510638297872341,47.0
1952,Crime,3.125,-0.325,24.0
1952,Drama,3.1934065934065936,-0.1483516483516483,91.0
1952,Fantasy,2.97,0.0399999999999999,10.0
1952,Film-Noir,3.325,-0.4499999999999999,12.0
1952,Horror,3.033333333333333,-0.3,3.0
1952,Musical,3.208333333333334,1.508333333333333,12.0
1952,Mystery,3.128571428571429,-0.1285714285714286,7.0
1952,Romance,3.3366666666666664,0.7266666666666666,30.0
1952,Sci-Fi,1.6857142857142855,-0.3714285714285714,7.0
1952,Thriller,2.8588235294117648,-0.3411764705882353,17.0
1952,War,2.9375,-0.4,8.0
1952,Western,3.2142857142857144,0.1619047619047618,21.0
1953,Action,3.2916666666666665,0.0833333333333333,12.0
1953,Adventure,2.9333333333333336,0.0444444444444444,18.0
1953,Animation,3.2,0.0571428571428571,7.0
1953,Children,3.5444444444444447,0.0888888888888888,9.0
1953,Comedy,3.342105263157896,0.6026315789473681,38.0
1953,Crime,2.923529411764706,-0.2058823529411764,17.0
1953,Documentary,3.3,-0.22,5.0
1953,Drama,3.236559139784947,0.0408602150537634,93.0
1953,Fantasy,3.325,0.35,4.0
1953,Film-Noir,3.245454545454545,-0.1545454545454545,11.0
1953,Horror,2.7,-0.52,5.0
1953,Musical,3.337500000000001,0.35625,16.0
1953,Mystery,2.8285714285714287,-0.3142857142857143,7.0
1953,Romance,3.206976744186046,0.4488372093023256,43.0
1953,Sci-Fi,2.8705882352941177,-0.1235294117647058,17.0
1953,Thriller,3.033333333333333,-0.7333333333333332,21.0
1953,War,3.069230769230769,-0.5923076923076922,13.0
1953,Western,3.293333333333333,-0.0266666666666666,15.0
1954,Action,3.0375,2.225,8.0
1954,Adventure,3.195833333333333,0.8250000000000002,24.0
1954,Animation,3.177777777777778,-0.1444444444444444,9.0
1954,Children,3.1,-0.2599999999999999,5.0
1954,Comedy,3.268571428571428,0.4228571428571428,35.0
1954,Crime,3.065217391304348,0.0478260869565217,23.0
1954,Documentary,3.5,0.5,1.0
1954,Drama,3.2222222222222223,0.0533333333333333,90.0
1954,Fantasy,3.1,0.1999999999999999,3.0
1954,Film-Noir,3.2375000000000003,-0.525,8.0
1954,Horror,2.6444444444444444,-0.8555555555555556,9.0
1954,Musical,3.5090909090909093,0.2,11.0
1954,Mystery,2.8,-0.9999999999999998,8.0
1954,Romance,3.26764705882353,0.4117647058823528,34.0
1954,Sci-Fi,2.6916666666666664,-0.9083333333333332,12.0
1954,Thriller,2.994736842105263,-0.7842105263157894,19.0
1954,War,3.4444444444444446,-0.6444444444444444,9.0
1954,Western,3.1869565217391305,-0.0826086956521739,23.0
1955,Action,2.8375,-0.3,16.0
1955,Adventure,2.7625,0.025,16.0
1955,Animation,3.15,0.8499999999999999,10.0
1955,Children,3.2833333333333337,1.4999999999999998,6.0
1955,Comedy,3.2394736842105254,0.2342105263157894,38.0
1955,Crime,3.16969696969697,-0.3393939393939393,33.0
1955,Documentary,3.475,-1.275,4.0
1955,Drama,3.259090909090908,-0.3245454545454546,110.0
1955,Fantasy,2.942857142857143,-0.0857142857142857,7.0
1955,Film-Noir,3.3529411764705883,-0.5823529411764712,17.0
1955,Horror,2.730769230769231,-0.8923076923076922,13.0
1955,Musical,3.142857142857143,0.2357142857142856,14.0
1955,Mystery,3.163636363636364,0.2181818181818182,11.0
1955,Romance,3.263888888888889,0.6472222222222224,36.0
1955,Sci-Fi,2.483333333333333,-1.125,12.0
1955,Thriller,3.3312500000000003,-0.5937500000000006,16.0
1955,War,3.4538461538461536,-1.0846153846153843,13.0
1955,Western,2.995833333333333,-0.2583333333333333,24.0
1956,Action,2.8466666666666667,-0.2933333333333333,15.0
1956,Adventure,3.1318181818181823,-0.0727272727272727,22.0
1956,Animation,2.77,-0.04,10.0
1956,Children,3.4799999999999995,0.0,5.0
1956,Comedy,3.1833333333333345,0.0805555555555555,36.0
1956,Crime,2.715,-0.1399999999999999,20.0
1956,Documentary,3.34,0.12,5.0
1956,Drama,3.2752577319587624,-0.1402061855670102,97.0
1956,Fantasy,3.042857142857143,0.0714285714285714,7.0
1956,Film-Noir,3.25,-0.1124999999999997,8.0
1956,Horror,2.4692307692307693,-1.692307692307692,13.0
1956,Musical,3.2833333333333337,0.3666666666666666,12.0
1956,Mystery,3.25,-0.1624999999999999,8.0
1956,Romance,3.1166666666666663,0.1166666666666666,30.0
1956,Sci-Fi,2.8,-1.1058823529411763,17.0
1956,Thriller,3.146666666666667,-1.2333333333333332,15.0
1956,War,3.1428571428571432,-0.6500000000000001,14.0
1956,Western,3.011538461538462,-0.1576923076923077,26.0
1957,Action,3.1777777777777776,-1.1888888888888889,9.0
1957,Adventure,2.8789473684210525,-0.7473684210526312,19.0
1957,Animation,3.575,0.0,8.0
1957,Children,3.1444444444444444,-0.1777777777777777,9.0
1957,Comedy,3.153191489361701,0.151063829787234,47.0
1957,Crime,2.835294117647059,-0.1235294117647058,17.0
1957,Documentary,3.6666666666666665,0.0,3.0
1957,Drama,3.267889908256881,-0.3431192660550462,109.0
1957,Fantasy,2.8000000000000003,-0.0818181818181818,11.0
1957,Film-Noir,3.233333333333333,-0.2499999999999999,6.0
1957,Horror,2.400000000000001,-0.4958333333333333,24.0
1957,Musical,3.308333333333333,0.3583333333333333,12.0
1957,Mystery,3.4857142857142853,0.1428571428571428,7.0
1957,Romance,3.294117647058823,0.2794117647058823,34.0
1957,Sci-Fi,2.6192307692307697,-0.1038461538461538,26.0
1957,Thriller,3.053846153846154,-0.323076923076923,13.0
1957,War,3.436363636363636,-2.640909090909091,22.0
1957,Western,2.9119999999999995,-0.04,25.0
1958,Action,3.191666666666667,-0.5916666666666667,12.0
1958,Adventure,3.152173913043478,-0.7000000000000001,23.0
1958,Animation,2.5,0.0,3.0
1958,Children,2.533333333333333,0.1333333333333333,3.0
1958,Comedy,3.218750000000001,0.046875,32.0
1958,Crime,3.192857142857143,-0.4035714285714286,28.0
1958,Documentary,2.9,0.0,6.0
1958,Drama,3.2752688172043003,-0.3612903225806453,93.0
1958,Fantasy,2.8,-0.4333333333333333,9.0
1958,Film-Noir,3.3125,0.0750000000000001,8.0
1958,Horror,2.5733333333333333,-0.56,30.0
1958,Musical,3.26,-0.2199999999999998,5.0
1958,Mystery,3.1875,-3.5625,8.0
1958,Romance,3.223076923076923,-0.6730769230769234,26.0
1958,Sci-Fi,2.517857142857143,-0.5535714285714285,28.0
1958,Thriller,3.21904761904762,-1.219047619047619,21.0
1958,War,3.209090909090909,-0.6136363636363634,22.0
1958,Western,2.819047619047619,-0.019047619047619,21.0
1959,Action,3.015,0.8549999999999998,20.0
1959,Adventure,3.152380952380952,0.8095238095238095,21.0
1959,Animation,3.4799999999999995,0.38,5.0
1959,Children,3.042857142857143,0.1571428571428571,7.0
1959,Comedy,3.1975,0.5125,40.0
1959,Crime,3.0333333333333337,0.4925925925925928,27.0
1959,Documentary,3.65,0.0,4.0
1959,Drama,3.325742574257426,-0.1277227722772276,101.0
1959,Fantasy,2.8375,-0.0375,8.0
1959,Horror,2.660714285714285,-1.2678571428571426,28.0
1959,Musical,3.3833333333333333,0.7833333333333332,6.0
1959,Mystery,3.4875,0.4749999999999997,8.0
1959,Romance,3.2727272727272734,0.5393939393939393,33.0
1959,Sci-Fi,2.439130434782609,-0.6304347826086955,23.0
1959,Thriller,3.152,-0.084,25.0
1959,War,3.4000000000000004,-0.4724137931034483,29.0
1959,Western,3.3000000000000003,-0.18125,16.0
1960,Action,3.1769230769230767,-0.6230769230769233,13.0
1960,Adventure,2.994736842105263,-0.1526315789473684,19.0
1960,Animation,2.5,0.0,1.0
1960,Children,3.3833333333333333,0.5666666666666667,6.0
1960,Comedy,3.0697674418604644,-0.0488372093023255,43.0
1960,Crime,3.3812500000000005,-2.45,32.0
1960,Documentary,3.133333333333333,0.0,3.0
1960,Drama,3.3999999999999995,-0.3757281553398058,103.0
1960,Fantasy,2.9875000000000003,-0.925,8.0
1960,Film-Noir,3.85,-1.35,2.0
1960,Horror,2.9217391304347826,-4.091304347826084,23.0
1960,Musical,3.0000000000000004,0.33,10.0
1960,Mystery,3.28,-0.8399999999999999,10.0
1960,Romance,3.442857142857143,0.0714285714285713,28.0
1960,Sci-Fi,2.4285714285714284,-0.4357142857142858,14.0
1960,Thriller,3.3777777777777773,-1.4333333333333331,18.0
1960,War,3.427272727272728,-1.0272727272727271,11.0
1960,Western,2.966666666666667,-0.4166666666666667,12.0
1961,Action,2.8,-0.7727272727272727,11.0
1961,Adventure,2.9249999999999994,-0.225,24.0
1961,Animation,2.7,2.5,2.0
1961,Children,3.1375,0.8875,8.0
1961,Comedy,3.1750000000000003,0.1568181818181818,44.0
1961,Crime,3.3000000000000003,-0.2882352941176471,17.0
1961,Documentary,3.76,0.2,5.0
1961,Drama,3.3892857142857147,0.1035714285714287,84.0
1961,Fantasy,3.015384615384616,-0.0076923076923076,13.0
1961,Film-Noir,2.3,-2.1,1.0
1961,Horror,2.5,-1.2421052631578946,19.0
1961,Musical,3.28,1.28,5.0
1961,Mystery,3.0083333333333333,-0.6999999999999998,12.0
1961,Romance,3.413793103448276,1.372413793103449,29.0
1961,Sci-Fi,2.66,-0.2533333333333333,15.0
1961,Thriller,3.1,-0.8714285714285712,14.0
1961,War,3.5083333333333333,-0.8666666666666666,12.0
1961,Western,3.016666666666667,-0.0833333333333333,6.0
1962,Action,3.2062500000000003,-0.9625,16.0
1962,Adventure,3.32962962962963,-0.5148148148148147,27.0
1962,Animation,3.1166666666666667,-0.0333333333333333,6.0
1962,Children,3.3428571428571425,0.3714285714285714,7.0
1962,Comedy,3.0595744680851054,0.0893617021276595,47.0
1962,Crime,3.5375,-1.275,16.0
1962,Documentary,3.0,-0.3,2.0
1962,Drama,3.3482758620689634,-0.375,116.0
1962,Fantasy,3.0461538461538464,-0.3538461538461538,13.0
1962,Horror,2.988888888888889,-1.4166666666666663,18.0
1962,Musical,2.95,0.27,10.0
1962,Mystery,3.288888888888889,-0.4111111111111111,9.0
1962,Romance,3.0181818181818185,0.3090909090909091,22.0
1962,Sci-Fi,3.0416666666666665,-0.6916666666666668,12.0
1962,Thriller,3.4705882352941178,-2.1,17.0
1962,War,3.44375,-1.975,16.0
1962,Western,3.1666666666666665,-0.25,6.0
1963,Action,3.627777777777778,-1.73888888888889,18.0
1963,Adventure,3.31,-1.685000000000001,20.0
1963,Animation,3.45,0.2,2.0
1963,Children,3.2375,0.0875,8.0
1963,Comedy,3.1363636363636367,0.2333333333333333,66.0
1963,Crime,3.38235294117647,0.3352941176470592,17.0
1963,Documentary,3.2625,-0.15,8.0
1963,Drama,3.3912499999999994,-0.6037500000000003,80.0
1963,Fantasy,3.3999999999999995,0.4857142857142858,7.0
1963,Film-Noir,4.1,-1.8999999999999997,1.0
1963,Horror,2.973913043478261,-2.460869565217392,23.0
1963,Musical,3.0375,0.0875,8.0
1963,Mystery,3.363636363636364,1.0272727272727282,11.0
1963,Romance,3.223076923076924,0.6000000000000003,26.0
1963,Sci-Fi,2.763636363636364,-0.7545454545454544,11.0
1963,Thriller,3.4277777777777776,-1.8277777777777773,18.0
1963,War,3.2500000000000004,-2.4000000000000017,12.0
1963,Western,3.466666666666667,0.4666666666666666,3.0
1964,Action,3.3076923076923075,-0.0884615384615385,26.0
1964,Adventure,3.36,0.32,30.0
1964,Animation,3.2375000000000003,0.0375,8.0
1964,Children,3.2,-0.4933333333333332,15.0
1964,Comedy,3.1662500000000007,0.2612500000000002,80.0
1964,Crime,3.145454545454545,-0.5363636363636364,22.0
1964,Documentary,3.6,-0.1272727272727272,11.0
1964,Drama,3.4235849056603787,-0.3754716981132075,106.0
1964,Fantasy,3.00625,-0.6499999999999999,16.0
1964,Film-Noir,3.45,0.0,2.0
1964,Horror,2.753571428571429,-1.7464285714285717,28.0
1964,Musical,3.3666666666666667,1.1666666666666672,12.0
1964,Mystery,3.1700000000000004,-1.14,10.0
1964,Romance,3.2193548387096778,0.4129032258064516,31.0
1964,Sci-Fi,2.64,-0.52,10.0
1964,Thriller,3.3222222222222224,-1.2333333333333332,27.0
1964,War,3.3181818181818183,-0.7318181818181813,22.0
1964,Western,3.216666666666667,0.4888888888888888,18.0
1965,Action,3.225,-0.4999999999999999,32.0
1965,Adventure,3.117857142857143,-0.1678571428571429,28.0
1965,Animation,3.46,0.08,5.0
1965,Children,3.2625,0.275,8.0
1965,Comedy,3.12537313432836,-0.0208955223880597,67.0
1965,Crime,3.5,-0.3999999999999999,11.0
1965,Documentary,3.5333333333333337,-0.3999999999999999,3.0
1965,Drama,3.4009433962264124,-0.5858490566037735,106.0
1965,Fantasy,3.1875,0.125,8.0
1965,Film-Noir,3.8,-0.7000000000000001,1.0
1965,Horror,2.608695652173913,-1.6260869565217382,23.0
1965,Musical,3.0125,1.075000000000001,8.0
1965,Mystery,3.35,-0.2299999999999999,10.0
1965,Romance,3.348387096774193,0.4258064516129034,31.0
1965,Sci-Fi,2.9153846153846152,-0.0884615384615384,26.0
1965,Thriller,3.4347826086956514,-0.8434782608695653,23.0
1965,War,3.386363636363636,-1.0545454545454545,22.0
1965,Western,3.266666666666667,-0.5888888888888889,18.0
1966,Action,2.9465116279069767,-0.4883720930232556,43.0
1966,Adventure,2.9707317073170736,-0.3341463414634144,41.0
1966,Animation,3.3875,-0.2499999999999999,8.0
1966,Children,3.146153846153846,-0.0307692307692307,13.0
1966,Comedy,3.1033333333333326,-0.091111111111111,90.0
1966,Crime,3.075862068965517,-0.3586206896551723,29.0
1966,Documentary,3.1,0.0,6.0
1966,Drama,3.277884615384617,-0.264423076923077,104.0
1966,Fantasy,2.8000000000000003,0.2166666666666667,12.0
1966,Film-Noir,3.7,-0.5,1.0
1966,Horror,2.7730769230769234,-0.4423076923076923,26.0
1966,Musical,3.26,0.48,5.0
1966,Mystery,2.9294117647058826,-0.7470588235294119,17.0
1966,Romance,3.3199999999999994,-0.2079999999999999,25.0
1966,Sci-Fi,2.613636363636364,-0.1636363636363636,22.0
1966,Thriller,3.2562500000000005,-0.46875,16.0
1966,War,3.195,-1.035,20.0
1966,Western,3.047058823529411,-0.5441176470588233,34.0
1967,Action,3.235897435897436,-0.5769230769230768,39.0
1967,Adventure,3.1142857142857143,-0.125,28.0
1967,Animation,3.2125,0.8499999999999998,8.0
1967,Children,3.05,0.6599999999999999,10.0
1967,Comedy,3.187837837837837,0.4864864864864864,74.0
1967,Crime,3.2928571428571423,-0.9357142857142858,28.0
1967,Documentary,3.5071428571428567,-0.2785714285714286,14.0
1967,Drama,3.343478260869565,-0.6043478260869564,115.0
1967,Fantasy,2.972727272727273,-0.4272727272727272,11.0
1967,Horror,2.769230769230769,-0.3269230769230769,26.0
1967,Musical,3.25,0.7249999999999999,16.0
1967,Mystery,3.127272727272727,-0.9454545454545452,11.0
1967,Romance,3.4269230769230763,1.126923076923077,26.0
1967,Sci-Fi,2.491304347826087,-0.4652173913043478,23.0
1967,Thriller,3.116666666666668,-0.6899999999999998,30.0
1967,War,3.46875,-1.04375,16.0
1967,Western,3.1148148148148147,-0.2296296296296296,27.0
1968,Action,3.265909090909091,-0.3977272727272726,44.0
1968,Adventure,3.139393939393939,2.815151515151508,33.0
1968,Animation,3.5416666666666665,0.0583333333333333,12.0
1968,Children,3.378571428571429,7.930164461608259e-18,14.0
1968,Comedy,3.1188405797101457,-0.0855072463768116,69.0
1968,Crime,3.1326530612244894,-0.5591836734693877,49.0
1968,Documentary,3.413333333333333,-0.0466666666666666,15.0
1968,Drama,3.124806201550389,0.6635658914728666,129.0
1968,Fantasy,2.9266666666666667,-0.3933333333333333,15.0
1968,Horror,2.8085714285714283,-1.9971428571428569,35.0
1968,Musical,3.314285714285714,0.0142857142857142,14.0
1968,Mystery,2.9266666666666667,-0.4666666666666667,15.0
1968,Romance,2.956250000000001,0.24375,32.0
1968,Sci-Fi,2.9454545454545458,3.095454545454534,22.0
1968,Thriller,3.2297297297297307,-1.6270270270270275,37.0
1968,War,3.1466666666666665,-0.9533333333333333,15.0
1968,Western,3.0162162162162165,0.0216216216216216,37.0
1969,Action,3.027272727272728,-0.2212121212121211,33.0
1969,Adventure,3.108333333333334,-0.3083333333333333,24.0
1969,Animation,3.5,0.4666666666666665,9.0
1969,Children,3.2818181818181813,0.0818181818181818,11.0
1969,Comedy,3.110126582278481,0.2,79.0
1969,Crime,3.1333333333333337,-0.4666666666666667,21.0
1969,Documentary,3.4125,-0.3999999999999999,8.0
1969,Drama,3.25111111111111,-0.2362962962962965,135.0
1969,Fantasy,3.2818181818181817,0.0636363636363636,11.0
1969,Horror,2.552941176470588,-0.6235294117647059,17.0
1969,Musical,3.099999999999999,0.6,7.0
1969,Mystery,2.891666666666667,-0.5166666666666666,12.0
1969,Romance,3.359999999999999,0.0066666666666666,30.0
1969,Sci-Fi,2.7157894736842105,-0.3578947368421053,19.0
1969,Thriller,2.970833333333333,-1.0708333333333333,24.0
1969,War,3.0684210526315794,-1.5736842105263158,19.0
1969,Western,3.111111111111112,-0.1083333333333332,36.0
1970,Action,2.960975609756097,-1.131707317073171,41.0
1970,Adventure,3.1904761904761907,-0.3333333333333333,21.0
1970,Animation,3.41,0.25,10.0
1970,Children,3.15,0.25,16.0
1970,Comedy,3.129113924050633,-0.1417721518987341,79.0
1970,Crime,3.1535714285714285,-0.7535714285714284,28.0
1970,Documentary,3.1933333333333334,-0.1333333333333333,15.0
1970,Drama,3.2169811320754715,-0.3962264150943396,159.0
1970,Fantasy,3.189473684210526,-0.6315789473684211,19.0
1970,Horror,2.5880952380952382,-0.8047619047619047,42.0
1970,Musical,3.185714285714286,0.1714285714285714,7.0
1970,Mystery,3.0647058823529414,-0.5058823529411764,17.0
1970,Romance,3.16,0.0766666666666666,30.0
1970,Sci-Fi,2.5444444444444447,-1.1,18.0
1970,Thriller,2.948387096774194,-0.7096774193548387,31.0
1970,War,3.4799999999999995,-1.7149999999999994,20.0
1970,Western,3.139285714285714,-0.2321428571428571,28.0
1971,Action,3.021739130434783,-1.3130434782608698,46.0
1971,Adventure,3.0318181818181817,-0.4727272727272727,22.0
1971,Animation,3.4555555555555557,0.1,9.0
1971,Children,3.0090909090909093,0.8909090909090902,11.0
1971,Comedy,3.194366197183098,0.6267605633802813,71.0
1971,Crime,3.065789473684211,-4.618421052631574,38.0
1971,Documentary,3.3,0.0,17.0
1971,Drama,3.26376811594203,-1.4681159420289849,138.0
1971,Fantasy,2.78,0.8499999999999993,10.0
1971,Horror,2.708695652173913,-1.1304347826086956,69.0
1971,Musical,3.39,1.0499999999999994,10.0
1971,Mystery,2.999999999999999,-1.8178571428571428,28.0
1971,Romance,3.494444444444444,1.755555555555555,18.0
1971,Sci-Fi,2.557894736842105,-7.4631578947368356,19.0
1971,Thriller,3.100000000000001,-4.331147540983603,61.0
1971,War,3.435714285714286,-1.05,14.0
1971,Western,3.0,-0.2883720930232558,43.0
1972,Action,3.0754716981132093,-0.9849056603773584,53.0
1972,Adventure,3.095,-1.3199999999999996,20.0
1972,Animation,3.2,0.0428571428571428,7.0
1972,Children,3.153333333333333,0.1666666666666666,15.0
1972,Comedy,3.242857142857144,-0.0416666666666666,84.0
1972,Crime,3.1895833333333337,-1.1958333333333335,48.0
1972,Documentary,3.5,-0.2444444444444444,18.0
1972,Drama,3.2890322580645166,-0.5148387096774197,155.0
1972,Fantasy,3.28,-0.2866666666666667,15.0
1972,Film-Noir,3.4,0.0,1.0
1972,Horror,2.742424242424242,-1.134848484848485,66.0
1972,Musical,3.3428571428571425,0.3071428571428572,14.0
1972,Mystery,2.966666666666667,-0.8400000000000001,30.0
1972,Romance,3.313636363636364,-0.15,22.0
1972,Sci-Fi,2.88,-0.3949999999999999,20.0
1972,Thriller,2.976923076923077,-1.3646153846153843,65.0
1972,War,3.645454545454545,-1.2999999999999996,11.0
1972,Western,3.256,-0.324,25.0
1973,Action,2.967164179104478,-0.916417910447761,67.0
1973,Adventure,3.069565217391305,-0.1652173913043478,23.0
1973,Animation,3.5,0.0454545454545454,11.0
1973,Children,3.475,0.3916666666666666,12.0
1973,Comedy,3.3000000000000003,0.5863636363636364,66.0
1973,Crime,3.152941176470588,-0.8729411764705879,85.0
1973,Documentary,3.46,-0.37,10.0
1973,Drama,3.2152317880794707,-0.6079470198675496,151.0
1973,Fantasy,3.008333333333333,0.0333333333333333,12.0
1973,Film-Noir,3.8,-5.1,1.0
1973,Horror,2.716455696202531,-1.720253164556962,79.0
1973,Musical,3.4444444444444446,0.4555555555555556,9.0
1973,Mystery,3.1045454545454545,-3.927272727272728,22.0
1973,Romance,3.172222222222222,0.3666666666666666,18.0
1973,Sci-Fi,2.903448275862069,-0.7448275862068966,29.0
1973,Thriller,3.0537313432835824,-1.5865671641791042,67.0
1973,War,2.988888888888889,-0.5555555555555555,9.0
1973,Western,2.8263157894736843,-0.0684210526315789,19.0
1974,Action,2.922535211267606,-0.6816901408450705,71.0
1974,Adventure,2.9909090909090907,-0.25,22.0
1974,Animation,3.1666666666666665,0.0083333333333333,12.0
1974,Children,3.199999999999999,0.3,15.0
1974,Comedy,3.0242424242424235,0.153030303030303,66.0
1974,Crime,3.150943396226415,-0.8075471698113207,53.0
1974,Documentary,3.484615384615385,-0.1076923076923077,13.0
1974,Drama,3.1658914728682177,-0.555813953488372,129.0
1974,Fantasy,2.9285714285714284,0.1928571428571428,14.0
1974,Film-Noir,4.2,-3.0000000000000018,1.0
1974,Horror,2.6592592592592585,-1.8259259259259264,54.0
1974,Musical,2.8666666666666667,0.0999999999999999,3.0
1974,Mystery,3.488235294117647,-1.488235294117647,17.0
1974,Romance,3.0625,-0.1374999999999999,16.0
1974,Sci-Fi,2.8466666666666662,-0.2466666666666666,15.0
1974,Thriller,3.115517241379312,-1.1672413793103444,58.0
1974,War,3.4444444444444446,-0.8555555555555556,9.0
1974,Western,3.3,0.1333333333333333,9.0
1975,Action,3.0266666666666664,-1.1688888888888893,45.0
1975,Adventure,3.2571428571428576,4.628571428571437,21.0
1975,Animation,2.942857142857143,-0.1428571428571428,7.0
1975,Children,2.846153846153846,0.0999999999999999,13.0
1975,Comedy,3.1474999999999995,1.3075000000000017,80.0
1975,Crime,3.0068181818181823,0.0568181818181811,44.0
1975,Documentary,3.6,-0.0777777777777777,9.0
1975,Drama,3.205599999999999,-0.1792000000000004,125.0
1975,Fantasy,3.1333333333333333,6.093333333333345,15.0
1975,Horror,2.692105263157895,-1.4657894736842112,38.0
1975,Musical,3.2818181818181813,0.7090909090909082,11.0
1975,Mystery,3.0318181818181817,-1.3727272727272726,22.0
1975,Romance,3.063333333333333,-0.4966666666666667,30.0
1975,Sci-Fi,2.752941176470588,0.0529411764705876,17.0
1975,Thriller,2.9311111111111106,-0.9533333333333333,45.0
1975,War,3.53,-1.35,10.0
1975,Western,3.0,-0.095,20.0
1976,Action,2.86140350877193,-0.7298245614035088,57.0
1976,Adventure,3.148,-0.5599999999999999,25.0
1976,Animation,3.1500000000000004,0.2,4.0
1976,Children,3.1999999999999997,0.0583333333333333,12.0
1976,Comedy,3.2291139240506337,-0.1924050632911391,79.0
1976,Crime,3.0466666666666664,-2.47777777777778,45.0
1976,Documentary,3.185714285714286,-0.25,14.0
1976,Drama,3.1972789115646263,-1.4462585034013609,147.0
1976,Fantasy,3.249999999999999,-1.6312500000000003,16.0
1976,Film-Noir,3.8,-1.4,1.0
1976,Horror,2.606976744186047,-2.383720930232558,43.0
1976,Musical,2.9799999999999995,0.15,10.0
1976,Mystery,3.0521739130434784,-2.1,23.0
1976,Romance,3.026315789473684,-0.0789473684210526,19.0
1976,Sci-Fi,2.6749999999999994,-0.775,12.0
1976,Thriller,2.908928571428571,-3.532142857142857,56.0
1976,War,3.05,-0.8714285714285716,14.0
1976,Western,3.0846153846153843,-0.7615384615384614,13.0
1977,Action,2.91063829787234,6.1276595744681615,47.0
1977,Adventure,2.915,7.9775000000000915,40.0
1977,Animation,3.131578947368421,0.0894736842105263,19.0
1977,Children,3.221052631578948,0.331578947368421,19.0
1977,Comedy,3.344444444444444,0.6180555555555549,72.0
1977,Crime,2.9482758620689653,-0.4379310344827586,29.0
1977,Documentary,3.2538461538461543,0.1307692307692307,13.0
1977,Drama,3.1381679389312973,-0.5832061068702289,131.0
1977,Fantasy,2.8545454545454545,-0.4999999999999996,22.0
1977,Horror,2.6042553191489355,-2.18936170212766,47.0
1977,Musical,3.266666666666667,0.5444444444444444,9.0
1977,Mystery,2.977777777777778,-0.2333333333333332,18.0
1977,Romance,3.2633333333333336,1.3133333333333324,30.0
1977,Sci-Fi,2.526086956521739,14.073913043478418,23.0
1977,Thriller,2.911538461538461,-1.1730769230769231,52.0
1977,War,3.407142857142857,-2.65,14.0
1977,Western,3.083333333333333,-0.1999999999999999,6.0
1978,Action,3.0545454545454547,-0.8036363636363637,55.0
1978,Adventure,2.9086956521739133,-0.6478260869565218,23.0
1978,Animation,3.0444444444444443,-0.8333333333333331,9.0
1978,Children,2.5416666666666665,-0.6666666666666666,12.0
1978,Comedy,3.069879518072289,0.4253012048192769,83.0
1978,Crime,3.20625,-0.328125,32.0
1978,Documentary,3.566666666666667,-0.3666666666666666,15.0
1978,Drama,3.167543859649124,-0.6710526315789471,114.0
1978,Fantasy,2.9,-1.1874999999999998,8.0
1978,Film-Noir,3.6,-0.3,1.0
1978,Horror,2.6191489361702134,-2.9957446808510646,47.0
1978,Musical,2.8375,1.7374999999999998,8.0
1978,Mystery,2.936842105263158,-0.7210526315789473,19.0
1978,Romance,3.2043478260869565,0.6217391304347827,23.0
1978,Sci-Fi,2.58,-0.5759999999999998,25.0
1978,Thriller,2.997727272727272,-1.7909090909090906,44.0
1978,War,3.33,-1.5599999999999996,10.0
1978,Western,3.1142857142857143,-0.0714285714285714,7.0
1979,Action,3.062264150943396,-2.5075471698113208,53.0
1979,Adventure,3.0576923076923084,-1.3961538461538463,26.0
1979,Animation,3.1153846153846154,0.3230769230769231,13.0
1979,Children,2.7875,-0.1125,16.0
1979,Comedy,3.0696629213483138,0.9078651685393252,89.0
1979,Crime,3.1681818181818184,-0.4363636363636364,22.0
1979,Documentary,3.385714285714285,0.0928571428571428,14.0
1979,Drama,3.210447761194028,-0.6261194029850742,134.0
1979,Fantasy,3.28,0.01,10.0
1979,Film-Noir,3.2,-0.2,1.0
1979,Horror,2.7558823529411764,-3.36470588235294,34.0
1979,Musical,3.56,0.6,5.0
1979,Mystery,3.28125,1.2937500000000028,16.0
1979,Romance,3.140000000000001,0.6000000000000001,35.0
1979,Sci-Fi,2.84642857142857,-3.3964285714285687,28.0
1979,Thriller,3.0500000000000003,-1.692857142857143,28.0
1979,War,3.2818181818181813,-9.17272727272727,11.0
1979,Western,3.0000000000000004,-0.1,10.0
1980,Action,2.944,-0.3739999999999997,50.0
1980,Adventure,2.820689655172414,-0.9068965517241374,29.0
1980,Animation,3.475,0.15,8.0
1980,Children,3.563636363636364,0.1,11.0
1980,Comedy,3.072815533980584,0.5203883495145633,103.0
1980,Crime,2.895238095238095,-1.0428571428571431,21.0
1980,Documentary,3.483333333333333,0.0416666666666666,12.0
1980,Drama,3.240677966101696,-0.3322033898305085,118.0
1980,Fantasy,3.0,-0.0636363636363636,11.0
1980,Horror,2.519298245614036,-3.1017543859649117,57.0
1980,Musical,2.9000000000000004,1.9750000000000003,12.0
1980,Mystery,2.966666666666667,-2.6666666666666665,15.0
1980,Romance,3.087878787878788,0.1666666666666666,33.0
1980,Sci-Fi,2.8866666666666663,-1.1799999999999995,30.0
1980,Thriller,2.6780487804878046,-1.8170731707317067,41.0
1980,War,3.5538461538461537,-1.438461538461539,13.0
1980,Western,2.8714285714285714,-0.2428571428571428,7.0
1981,Action,3.2021739130434783,-0.3913043478260919,46.0
1981,Adventure,3.1419354838709674,1.4322580645161225,31.0
1981,Animation,3.311111111111111,0.666666666666667,18.0
1981,Children,3.190909090909091,1.5636363636363642,11.0
1981,Comedy,2.9531914893617017,0.1861702127659575,94.0
1981,Crime,3.338461538461538,-0.9076923076923078,26.0
1981,Documentary,3.206666666666666,-0.0266666666666666,15.0
1981,Drama,3.192307692307693,-0.6184615384615384,130.0
1981,Fantasy,3.0294117647058822,-1.0764705882352923,17.0
1981,Horror,2.570422535211266,-1.740845070422535,71.0
1981,Musical,3.1900000000000004,0.01,10.0
1981,Mystery,2.8739130434782614,-0.8173913043478261,23.0
1981,Romance,3.1593749999999994,-0.2156249999999999,32.0
1981,Sci-Fi,2.8333333333333326,-1.6333333333333329,24.0
1981,Thriller,3.17872340425532,-1.323404255319148,47.0
1981,War,3.323076923076923,-3.8000000000000016,13.0
1981,Western,2.966666666666667,-0.3666666666666667,3.0
1982,Action,2.9704545454545466,-2.3818181818181854,44.0
1982,Adventure,3.048387096774193,-2.0290322580645173,31.0
1982,Animation,3.5388888888888896,-0.0722222222222222,18.0
1982,Children,3.7000000000000006,0.9916666666666668,12.0
1982,Comedy,3.090909090909091,0.1693181818181818,88.0
1982,Crime,3.177272727272727,-0.5727272727272728,22.0
1982,Documentary,3.5,-0.1181818181818181,11.0
1982,Drama,3.256589147286821,-0.5155038759689925,129.0
1982,Fantasy,3.21,-0.74,20.0
1982,Film-Noir,3.6,-0.6,1.0
1982,Horror,2.575471698113208,-2.2849056603773605,53.0
1982,IMAX,3.4,0.0,1.0
1982,Musical,3.1666666666666674,-0.3833333333333334,12.0
1982,Mystery,3.275,-0.6799999999999999,20.0
1982,Romance,3.390322580645161,0.6000000000000001,31.0
1982,Sci-Fi,2.834285714285714,-1.4628571428571455,35.0
1982,Thriller,3.0384615384615383,-3.1564102564102594,39.0
1982,War,3.05,-0.7699999999999998,10.0
1982,Western,2.8000000000000003,0.0,6.0
1983,Action,2.827777777777778,-2.555555555555556,54.0
1983,Adventure,3.057142857142857,-1.1628571428571428,35.0
1983,Animation,3.5,-0.3230769230769231,13.0
1983,Children,3.605555555555556,0.1333333333333334,18.0
1983,Comedy,3.1750000000000007,0.4673913043478262,92.0
1983,Crime,3.123333333333333,-2.9400000000000017,30.0
1983,Documentary,3.8666666666666663,-0.253333333333333,15.0
1983,Drama,3.3436974789915967,-0.7638655462184877,119.0
1983,Fantasy,3.246875,-1.1875000000000004,32.0
1983,Horror,2.7095238095238097,-1.7142857142857142,42.0
1983,Musical,3.0727272727272723,-0.0909090909090909,11.0
1983,Mystery,3.1777777777777785,-0.3944444444444444,18.0
1983,Romance,3.2862068965517235,0.2275862068965517,29.0
1983,Sci-Fi,2.836111111111112,-1.941666666666666,36.0
1983,Thriller,3.03,-2.1124999999999994,40.0
1983,War,3.2545454545454544,-0.3909090909090909,11.0
1983,Western,3.2,0.5,4.0
1984,Action,2.922641509433962,1.0056603773584911,53.0
1984,Adventure,3.2026315789473694,1.6447368421052635,38.0
1984,Animation,3.20625,1.4500000000000004,16.0
1984,Children,3.293333333333333,0.6333333333333333,15.0
1984,Comedy,3.092929292929292,0.5919191919191922,99.0
1984,Crime,3.242105263157895,-0.5052631578947363,19.0
1984,Documentary,3.630769230769231,-0.3461538461538461,13.0
1984,Drama,3.2602739726027403,-0.0554794520547944,146.0
1984,Fantasy,3.3125000000000004,2.225000000000001,24.0
1984,Film-Noir,4.0,0.2,1.0
1984,Horror,2.534210526315789,-1.3421052631578945,38.0
1984,Musical,3.088888888888889,0.1444444444444444,9.0
1984,Mystery,2.8125,-0.8687499999999998,16.0
1984,Romance,3.11860465116279,0.3348837209302325,43.0
1984,Sci-Fi,3.092500000000001,1.1675000000000006,40.0
1984,Thriller,2.911627906976744,-0.7906976744186045,43.0
1984,War,3.2222222222222223,-1.9,9.0
1984,Western,1.5,0.3,1.0
1985,Action,2.859375,-0.3671874999999995,64.0
1985,Adventure,3.055319148936171,1.3489361702127645,47.0
1985,Animation,3.1714285714285717,-0.219047619047619,21.0
1985,Children,3.0846153846153843,1.2000000000000002,26.0
1985,Comedy,3.141803278688525,1.1885245901639334,122.0
1985,Crime,2.9833333333333334,-0.1799999999999998,30.0
1985,Documentary,3.3079999999999994,-0.0679999999999999,25.0
1985,Drama,3.2083969465648865,-0.0641221374045802,131.0
1985,Fantasy,3.129411764705882,1.8558823529411723,34.0
1985,Film-Noir,3.0,-1.8,1.0
1985,Horror,2.5863636363636364,-1.8545454545454552,44.0
1985,IMAX,3.6,0.0,1.0
1985,Musical,3.083333333333333,-1.8503717077085938e-17,6.0
1985,Mystery,2.9470588235294115,-0.4058823529411762,17.0
1985,Romance,3.091836734693878,1.0040816326530615,49.0
1985,Sci-Fi,2.975,1.2444444444444378,36.0
1985,Thriller,3.0214285714285705,-0.992857142857142,42.0
1985,War,3.007692307692308,-3.0846153846153848,13.0
1985,Western,3.35,-0.2999999999999999,4.0
1986,Action,3.0029850746268654,-0.9850746268656714,67.0
1986,Adventure,3.026315789473684,0.6736842105263158,38.0
1986,Animation,3.2478260869565223,1.369565217391305,23.0
1986,Children,3.01304347826087,1.7652173913043487,23.0
1986,Comedy,3.0201834862385315,0.6449541284403667,109.0
1986,Crime,3.1484848484848484,-2.163636363636364,33.0
1986,Documentary,3.79,0.21,10.0
1986,Drama,3.321985815602836,-0.9425531914893625,141.0
1986,Fantasy,3.065217391304348,1.2478260869565228,23.0
1986,Film-Noir,3.85,-1.0,2.0
1986,Horror,2.683333333333333,-2.7333333333333334,54.0
1986,Musical,3.1900000000000004,1.5699999999999998,10.0
1986,Mystery,3.3666666666666667,-3.9166666666666665,12.0
1986,Romance,3.361538461538463,1.0589743589743588,39.0
1986,Sci-Fi,2.764102564102564,-1.115384615384616,39.0
1986,Thriller,2.932608695652174,-3.473913043478261,46.0
1986,War,3.2923076923076926,-3.876923076923079,13.0
1986,Western,2.05,5.650000000000002,2.0
1987,Action,2.890277777777777,-0.1736111111111113,72.0
1987,Adventure,2.935,0.7900000000000006,40.0
1987,Animation,3.136,0.108,25.0
1987,Children,3.215151515151515,0.2424242424242424,33.0
1987,Comedy,2.91736111111111,0.6833333333333333,144.0
1987,Crime,3.068181818181819,-0.9045454545454552,44.0
1987,Documentary,3.5181818181818185,0.5181818181818184,11.0
1987,Drama,3.294267515923565,-0.8261146496815289,157.0
1987,Fantasy,3.0735294117647065,1.91764705882353,34.0
1987,Film-Noir,3.733333333333333,-2.333333333333333,3.0
1987,Horror,2.4838235294117648,-1.425,68.0
1987,Musical,3.46,2.229999999999999,10.0
1987,Mystery,3.126666666666667,-1.2466666666666666,15.0
1987,Romance,3.3660377358490563,2.316981132075472,53.0
1987,Sci-Fi,2.8552631578947363,-1.5342105263157904,38.0
1987,Thriller,3.0410714285714286,-2.0767857142857142,56.0
1987,War,3.376923076923077,-8.484615384615386,13.0
1987,Western,2.95,-0.5,10.0
1988,Action,2.84,-0.4586666666666666,75.0
1988,Adventure,2.9969696969696966,0.2848484848484848,33.0
1988,Animation,3.2709677419354835,0.8967741935483852,31.0
1988,Children,2.973076923076923,3.2846153846153845,26.0
1988,Comedy,3.041428571428573,0.5392857142857145,140.0
1988,Crime,3.186046511627907,0.2976744186046513,43.0
1988,Documentary,3.511764705882353,-0.0705882352941176,17.0
1988,Drama,3.316666666666666,0.2871794871794866,156.0
1988,Fantasy,3.2124999999999995,2.718750000000001,32.0
1988,Film-Noir,3.2,0.0,1.0
1988,Horror,2.525925925925926,-1.348148148148148,81.0
1988,Musical,2.8999999999999995,0.2307692307692307,13.0
1988,Mystery,3.2700000000000005,0.04,20.0
1988,Romance,3.148979591836735,0.6653061224489796,49.0
1988,Sci-Fi,2.7630434782608693,-0.6282608695652173,46.0
1988,Thriller,3.0046875,-1.4625,64.0
1988,War,3.00625,-4.850000000000001,16.0
1988,Western,3.1,-0.3666666666666667,3.0
1989,Action,2.919512195121952,0.5499999999999989,82.0
1989,Adventure,3.077777777777778,2.961111111111108,36.0
1989,Animation,3.4285714285714284,1.2952380952380955,21.0
1989,Children,3.063636363636364,1.8,22.0
1989,Comedy,3.0040816326530613,1.1782312925170075,147.0
1989,Crime,3.114634146341462,0.2560975609756106,41.0
1989,Documentary,3.308333333333333,-0.2249999999999999,12.0
1989,Drama,3.298000000000001,0.2813333333333336,150.0
1989,Fantasy,3.070967741935483,0.8870967741935486,31.0
1989,Film-Noir,3.2,0.0,2.0
1989,Horror,2.469230769230769,-1.4046153846153846,65.0
1989,Musical,3.125,1.6749999999999998,4.0
1989,Mystery,3.0846153846153848,-1.546153846153846,13.0
1989,Romance,3.207894736842105,2.805263157894736,38.0
1989,Sci-Fi,2.7872340425531923,0.6936170212765961,47.0
1989,Thriller,2.942857142857143,-0.206122448979591,49.0
1989,War,3.4312499999999995,-1.8999999999999992,16.0
1989,Western,2.55,0.9,2.0
1990,Action,2.8227272727272728,-1.4696969696969695,66.0
1990,Adventure,3.0722222222222224,-1.5472222222222218,36.0
1990,Animation,3.111764705882353,0.0529411764705882,17.0
1990,Children,3.0318181818181813,0.5863636363636371,22.0
1990,Comedy,2.9828125000000005,0.9617187500000008,128.0
1990,Crime,3.2325000000000004,-1.3625000000000018,40.0
1990,Documentary,3.78,0.4700000000000001,10.0
1990,Drama,3.292682926829269,0.0286585365853653,164.0
1990,Fantasy,2.888461538461539,2.8038461538461523,26.0
1990,Film-Noir,3.3666666666666667,-0.1333333333333334,6.0
1990,Horror,2.5727272727272723,-2.4212121212121227,66.0
1990,Musical,2.8400000000000003,-0.12,5.0
1990,Mystery,3.1562500000000004,-4.700000000000003,16.0
1990,Romance,3.0568181818181825,3.424999999999999,44.0
1990,Sci-Fi,2.721052631578947,-1.426315789473684,38.0
1990,Thriller,2.8774647887323943,-1.7070422535211258,71.0
1990,War,3.22,-0.98,10.0
1990,Western,3.34,0.4400000000000027,5.0
1991,Action,2.8527777777777774,-0.0875,72.0
1991,Adventure,2.973333333333333,-0.2500000000000001,30.0
1991,Animation,2.9916666666666667,5.733333333333333,12.0
1991,Children,2.994444444444445,3.788888888888888,18.0
1991,Comedy,3.067320261437908,0.2699346405228759,153.0
1991,Crime,3.104545454545455,-4.9886363636363615,44.0
1991,Documentary,3.3181818181818183,0.1545454545454545,11.0
1991,Drama,3.24364640883978,-0.238674033149171,181.0
1991,Fantasy,3.021428571428572,1.6499999999999997,28.0
1991,Horror,2.458536585365854,-5.858536585365851,41.0
1991,IMAX,3.7,63.399999999999984,1.0
1991,Musical,3.245454545454545,6.1999999999999975,11.0
1991,Mystery,3.3166666666666664,-2.25,18.0
1991,Romance,3.116071428571428,1.5517857142857143,56.0
1991,Sci-Fi,2.735135135135135,-0.2297297297297297,37.0
1991,Thriller,2.991525423728814,-5.125423728813559,59.0
1991,War,3.24,0.8800000000000001,5.0
1991,Western,3.516666666666666,0.1833333333333333,6.0
1992,Action,3.0612903225806463,-0.7387096774193548,62.0
1992,Adventure,3.0678571428571426,1.1071428571428568,28.0
1992,Animation,3.177777777777779,0.6962962962962963,27.0
1992,Children,2.972727272727273,2.2727272727272725,22.0
1992,Comedy,3.0146853146853148,0.665734265734266,143.0
1992,Crime,3.2204081632653057,-2.1387755102040846,49.0
1992,Documentary,3.747619047619048,-0.2238095238095237,21.0
1992,Drama,3.3173184357541903,0.0770949720670392,179.0
1992,Fantasy,3.117391304347826,0.5391304347826087,23.0
1992,Film-Noir,3.6,0.15,2.0
1992,Horror,2.65945945945946,-1.5702702702702702,37.0
1992,IMAX,3.2,0.0,1.0
1992,Musical,3.3571428571428577,3.4285714285714284,7.0
1992,Mystery,3.2473684210526312,-3.7894736842105337,19.0
1992,Romance,3.1714285714285717,0.9809523809523812,63.0
1992,Sci-Fi,2.6318181818181823,-1.9409090909090911,22.0
1992,Thriller,3.081159420289855,-2.047826086956523,69.0
1992,War,3.5125,1.2999999999999998,8.0
1992,Western,3.766666666666667,6.733333333333332,3.0
1993,Action,2.986170212765956,-0.3276595744680847,94.0
1993,Adventure,2.9575000000000005,0.6000000000000005,40.0
1993,Animation,3.3772727272727265,2.0181818181818194,22.0
1993,Children,3.0114285714285707,1.4028571428571437,35.0
1993,Comedy,3.0434782608695654,1.648550724637683,138.0
1993,Crime,3.06923076923077,-1.325641025641026,39.0
1993,Documentary,3.6266666666666665,-0.0666666666666666,15.0
1993,Drama,3.266336633663366,-0.2460396039603962,202.0
1993,Fantasy,3.225925925925926,6.181481481481491,27.0
1993,Film-Noir,3.2,-1.2999999999999998,1.0
1993,Horror,2.555555555555556,-0.6688888888888888,45.0
1993,Musical,3.4454545454545458,2.8272727272727285,11.0
1993,Mystery,3.1518518518518515,-0.8629629629629628,27.0
1993,Romance,3.1376811594202905,2.985507246376815,69.0
1993,Sci-Fi,2.7299999999999995,0.0700000000000004,40.0
1993,Thriller,2.971232876712329,-1.2178082191780817,73.0
1993,War,3.345454545454545,-3.03636363636364,11.0
1993,Western,3.2125,0.175,8.0
1994,Action,2.870731707317074,-0.2060975609756107,82.0
1994,Adventure,2.934482758620692,0.2413793103448277,58.0
1994,Animation,2.9863636363636363,0.4545454545454545,22.0
1994,Children,2.7976190476190474,0.9166666666666666,42.0
1994,Comedy,2.9390804597701137,2.9080459770114997,174.0
1994,Crime,3.1,11.707499999999992,40.0
1994,Documentary,3.471052631578948,-0.1605263157894736,38.0
1994,Drama,3.2477272727272744,3.7413636363636336,220.0
1994,Fantasy,2.8,1.0300000000000005,30.0
1994,Film-Noir,3.7,-0.8,1.0
1994,Horror,2.4970588235294118,-0.9941176470588232,34.0
1994,IMAX,3.6,5.425000000000001,4.0
1994,Musical,3.2999999999999994,3.65,6.0
1994,Mystery,3.025,-0.5874999999999999,16.0
1994,Romance,3.133802816901408,5.204225352112679,71.0
1994,Sci-Fi,2.710526315789474,-0.4263157894736842,38.0
1994,Thriller,2.9657534246575343,0.6301369863013767,73.0
1994,War,3.475,38.00000000000001,8.0
1994,Western,2.85,1.4249999999999992,8.0
1995,Action,2.888764044943821,-1.4539325842696629,89.0
1995,Adventure,2.975555555555556,1.7422222222222206,45.0
1995,Animation,3.15,4.332142857142856,28.0
1995,Children,2.82972972972973,2.729729729729728,37.0
1995,Comedy,3.060283687943262,1.17304964539007,141.0
1995,Crime,3.14909090909091,-1.7545454545454524,55.0
1995,Documentary,3.3454545454545457,-0.1212121212121212,33.0
1995,Drama,3.2665158371040737,-0.0606334841628962,221.0
1995,Fantasy,3.025,1.878571428571425,28.0
1995,Film-Noir,3.5,-0.8000000000000002,1.0
1995,Horror,2.4744680851063827,-0.7851063829787235,47.0
1995,IMAX,3.4250000000000003,4.050000000000003,4.0
1995,Musical,2.9666666666666663,2.433333333333333,6.0
1995,Mystery,3.3241379310344823,-1.5206896551723963,29.0
1995,Romance,3.294444444444444,2.2624999999999997,72.0
1995,Sci-Fi,2.628,-0.024,50.0
1995,Thriller,3.0,-2.168831168831163,77.0
1995,War,3.3947368421052637,-2.473684210526316,19.0
1995,Western,3.14,-0.3800000000000004,10.0
1996,Action,2.9716216216216216,-1.6216216216216222,74.0
1996,Adventure,3.0645833333333345,-0.7437500000000004,48.0
1996,Animation,3.0842105263157897,0.2473684210526315,19.0
1996,Children,3.029411764705882,0.7176470588235296,34.0
1996,Comedy,3.159473684210527,0.6521052631578926,190.0
1996,Crime,3.2339285714285717,0.4160714285714215,56.0
1996,Documentary,3.324999999999999,0.25,28.0
1996,Drama,3.3015094339622637,0.3849056603773571,265.0
1996,Fantasy,3.0,0.3272727272727272,22.0
1996,Film-Noir,3.3,-5.1000000000000005,1.0
1996,Horror,2.670967741935484,-2.7193548387096773,31.0
1996,Musical,3.183333333333333,1.716666666666667,12.0
1996,Mystery,3.435294117647058,-1.6352941176470583,17.0
1996,Romance,3.3046511627906976,1.4930232558139538,86.0
1996,Sci-Fi,2.5690476190476192,-0.7857142857142859,42.0
1996,Thriller,2.989473684210525,-2.3031578947368456,95.0
1996,War,3.4333333333333336,0.1916666666666668,12.0
1996,Western,2.966666666666667,0.3,6.0
1997,Action,2.837931034482758,-0.1528735632183898,87.0
1997,Adventure,2.834,1.7940000000000018,50.0
1997,Animation,3.307142857142857,0.1214285714285719,28.0
1997,Children,2.733999999999999,0.3279999999999999,50.0
1997,Comedy,3.058947368421055,1.2863157894736843,190.0
1997,Crime,3.2467741935483883,-1.1806451612903224,62.0
1997,Documentary,3.460526315789474,-0.1710526315789473,38.0
1997,Drama,3.24255319148936,1.415957446808509,282.0
1997,Fantasy,2.8026315789473686,-0.489473684210526,38.0
1997,Film-Noir,3.4,-5.640000000000002,5.0
1997,Horror,2.83,-4.912499999999999,40.0
1997,IMAX,3.4333333333333336,-0.0666666666666666,3.0
1997,Musical,3.2500000000000004,0.5928571428571427,14.0
1997,Mystery,3.4074074074074074,-6.192592592592593,27.0
1997,Romance,3.1795698924731197,4.808602150537629,93.0
1997,Sci-Fi,2.9227272727272724,1.4613636363636373,44.0
1997,Thriller,3.039215686274509,-2.493137254901961,102.0
1997,War,3.306666666666666,2.273333333333328,15.0
1997,Western,3.1,-0.1999999999999999,4.0
1998,Action,2.9802469135802467,-2.848148148148139,81.0
1998,Adventure,2.9142857142857146,0.4367346938775516,49.0
1998,Animation,3.027586206896552,1.5344827586206908,29.0
1998,Children,2.8363636363636364,1.4159090909090912,44.0
1998,Comedy,3.0583756345177657,2.496954314720815,197.0
1998,Crime,3.153333333333334,1.1586666666666765,75.0
1998,Documentary,3.4953488372093013,-0.0906976744186046,43.0
1998,Drama,3.1888135593220364,-0.5488135593220315,295.0
1998,Fantasy,3.1029411764705883,0.3764705882352939,34.0
1998,Film-Noir,2.75,-13.349999999999993,2.0
1998,Horror,2.628947368421053,-2.352631578947368,38.0
1998,IMAX,3.3666666666666667,1.533333333333334,3.0
1998,Musical,3.2066666666666666,2.373333333333334,15.0
1998,Mystery,3.173076923076923,-0.8769230769230768,26.0
1998,Romance,3.1848214285714294,1.8696428571428585,112.0
1998,Sci-Fi,2.952083333333334,-1.7770833333333356,48.0
1998,Thriller,2.9807339449541272,-1.7834862385321104,109.0
1998,War,3.355555555555556,-11.538888888888849,18.0
1998,Western,2.833333333333333,0.0999999999999999,3.0
1999,Action,2.973493975903614,-1.945783132530112,83.0
1999,Adventure,3.227027027027027,0.1513513513513507,37.0
1999,Animation,3.4125,1.078125,32.0
1999,Children,3.0027777777777778,0.9333333333333338,36.0
1999,Comedy,3.1413953488372117,1.993953488372092,215.0
1999,Crime,3.107692307692308,-2.1096153846153696,52.0
1999,Documentary,3.482926829268292,-0.0317073170731707,41.0
1999,Drama,3.226962457337883,-0.1696245733788353,293.0
1999,Fantasy,3.090909090909091,2.318181818181816,33.0
1999,Film-Noir,4.0,0.0,1.0
1999,Horror,2.722641509433963,-1.4113207547169793,53.0
1999,IMAX,2.8,0.2749999999999999,4.0
1999,Musical,3.5000000000000004,0.885714285714285,7.0
1999,Mystery,3.234615384615385,-2.219230769230765,26.0
1999,Romance,3.2175257731958777,3.260824742268043,97.0
1999,Sci-Fi,2.9055555555555546,1.011111111111107,36.0
1999,Thriller,3.039999999999999,-2.6236363636363573,110.0
1999,War,3.266666666666667,-2.1999999999999997,12.0
1999,Western,2.9625,-0.2874999999999999,8.0
2000,Action,2.840277777777779,-1.647222222222222,72.0
2000,Adventure,2.931428571428571,2.7142857142857157,35.0
2000,Animation,3.0666666666666664,1.215384615384616,39.0
2000,Children,2.7975000000000003,1.0175,40.0
2000,Comedy,3.014107883817427,1.071784232365145,241.0
2000,Crime,3.1646153846153844,-0.9892307692307708,65.0
2000,Documentary,3.566037735849057,0.0150943396226415,53.0
2000,Drama,3.1664772727272745,-0.2607954545454553,352.0
2000,Fantasy,3.083333333333334,0.7305555555555556,36.0
2000,Horror,2.6140625000000006,-3.1140625000000006,64.0
2000,Musical,3.3461538461538463,-0.430769230769231,13.0
2000,Mystery,2.936666666666667,-5.1866666666666665,30.0
2000,Romance,3.168852459016392,0.8680327868852459,122.0
2000,Sci-Fi,3.0270270270270263,-1.3567567567567564,37.0
2000,Thriller,2.9062500000000004,-2.629464285714286,112.0
2000,War,3.4200000000000004,-3.219999999999999,10.0
2000,Western,2.9200000000000004,-0.6599999999999999,5.0
2001,Action,2.947474747474748,-0.6848484848484845,99.0
2001,Adventure,3.056603773584906,8.849056603773565,53.0
2001,Animation,2.9368421052631573,7.544736842105248,38.0
2001,Children,2.6404761904761904,3.811904761904761,42.0
2001,Comedy,3.0257510729613726,3.373819742489276,233.0
2001,Crime,3.152173913043479,-1.5289855072463772,69.0
2001,Documentary,3.3830769230769224,-0.0707692307692307,65.0
2001,Drama,3.2218289085545706,0.2454277286135692,339.0
2001,Fantasy,3.148936170212766,9.274468085106363,47.0
2001,Film-Noir,3.8,-36.59999999999999,1.0
2001,Horror,2.7471698113207546,-4.028301886792453,53.0
2001,IMAX,3.1,0.0,3.0
2001,Musical,2.90625,2.0375,16.0
2001,Mystery,3.134146341463415,-2.9878048780487805,41.0
2001,Romance,3.1111111111111107,6.428571428571441,126.0
2001,Sci-Fi,2.9761904761904767,0.5452380952380946,42.0
2001,Thriller,3.017117117117116,-2.382882882882883,111.0
2001,War,3.4384615384615387,-4.373076923076924,26.0
2001,Western,3.16,0.3,5.0
2002,Action,2.885593220338984,-2.0135593220338976,118.0
2002,Adventure,3.0466666666666664,1.731666666666669,60.0
2002,Animation,3.067441860465117,0.7093023255813954,43.0
2002,Children,2.8283018867924525,0.6301886792452831,53.0
2002,Comedy,2.971825396825396,0.8833333333333332,252.0
2002,Crime,3.0815533980582512,-1.3543689320388337,103.0
2002,Documentary,3.498461538461539,-0.6353846153846153,65.0
2002,Drama,3.1371287128712884,-0.1579207920792076,404.0
2002,Fantasy,2.875,1.3750000000000009,36.0
2002,Horror,2.6813559322033886,-4.074576271186443,59.0
2002,IMAX,3.3,-4.7499999999999964,2.0
2002,Musical,3.111764705882353,0.2176470588235292,17.0
2002,Mystery,2.9804878048780488,-5.202439024390248,41.0
2002,Romance,3.107199999999999,1.4543999999999997,125.0
2002,Sci-Fi,2.8426229508196723,-3.124590163934426,61.0
2002,Thriller,2.914482758620691,-2.735862068965518,145.0
2002,War,3.1538461538461537,-1.4769230769230763,26.0
2002,Western,2.833333333333333,0.5666666666666667,3.0
2003,Action,2.887969924812029,0.2022556390977399,133.0
2003,Adventure,3.185714285714286,3.4365079365079287,63.0
2003,Animation,3.15686274509804,1.0352941176470576,51.0
2003,Children,2.833898305084746,1.2915254237288123,59.0
2003,Comedy,3.064400000000001,1.8759999999999983,250.0
2003,Crime,3.1653061224489787,-2.553061224489797,98.0
2003,Documentary,3.484146341463416,-0.1707317073170731,82.0
2003,Drama,3.214745308310993,0.3380697050938326,373.0
2003,Fantasy,3.1099999999999994,7.359999999999983,40.0
2003,Film-Noir,3.35,0.5,2.0
2003,Horror,2.7222222222222223,-2.536507936507936,63.0
2003,IMAX,3.325,-2.475,4.0
2003,Musical,3.110526315789474,0.2789473684210524,19.0
2003,Mystery,3.325,-7.35,44.0
2003,Romance,3.032231404958677,2.07685950413223,121.0
2003,Sci-Fi,2.9722222222222205,-0.5703703703703701,54.0
2003,Thriller,2.9330882352941177,-3.983823529411764,136.0
2003,War,3.126086956521738,-0.917391304347826,23.0
2003,Western,3.5200000000000005,-0.0199999999999999,5.0
2004,Action,3.048888888888888,-0.7792592592592608,135.0
2004,Adventure,3.0500000000000016,2.051249999999998,80.0
2004,Animation,3.1511111111111108,1.5155555555555544,45.0
2004,Children,2.8939999999999992,1.775999999999999,50.0
2004,Comedy,3.0457875457875447,2.1197802197802207,273.0
2004,Crime,3.1703703703703696,-1.31358024691358,81.0
2004,Documentary,3.5232323232323246,-0.7727272727272726,99.0
2004,Drama,3.221615201900234,0.5052256532066496,421.0
2004,Fantasy,3.066129032258065,1.6435483870967742,62.0
2004,Horror,2.683950617283951,-0.0629629629629582,81.0
2004,IMAX,3.466666666666667,5.666666666666667,3.0
2004,Musical,3.335000000000001,2.0699999999999994,20.0
2004,Mystery,3.0130434782608693,-2.413043478260871,46.0
2004,Romance,3.255725190839696,4.519847328244277,131.0
2004,Sci-Fi,2.8899999999999992,2.2283333333333326,60.0
2004,Thriller,2.980769230769232,-2.4469230769230785,130.0
2004,War,3.244444444444444,-4.32962962962963,27.0
2004,Western,2.7,-0.8666666666666666,6.0
2005,Action,2.9571428571428573,-1.1721428571428598,140.0
2005,Adventure,2.9690140845070414,1.6802816901408444,71.0
2005,Animation,2.9604651162790696,0.8930232558139538,43.0
2005,Children,2.961016949152542,0.8694915254237288,59.0
2005,Comedy,3.0579470198675502,1.3668874172185428,302.0
2005,Crime,3.081052631578947,-1.6863157894736864,95.0
2005,Documentary,3.4378378378378387,-0.1531531531531532,111.0
2005,Drama,3.1884773662551447,-0.1078189300411523,486.0
2005,Fantasy,2.934615384615384,0.2384615384615383,52.0
2005,Film-Noir,3.766666666666667,-19.13333333333337,3.0
2005,Horror,2.546610169491525,-2.102542372881356,118.0
2005,IMAX,3.4799999999999995,6.239999999999997,5.0
2005,Musical,3.256521739130435,1.604347826086956,23.0
2005,Mystery,3.0090909090909084,-0.9781818181818216,55.0
2005,Romance,3.085443037974683,2.662025316455696,158.0
2005,Sci-Fi,2.6399999999999992,0.435999999999999,50.0
2005,Thriller,2.970689655172414,-2.0454022988505773,174.0
2005,War,3.2875,-3.633333333333337,24.0
2005,Western,3.0,-0.7333333333333333,6.0
2006,Action,2.98939393939394,-1.2833333333333332,132.0
2006,Adventure,3.062105263157896,0.4684210526315833,95.0
2006,Animation,3.2203125000000004,0.4578124999999995,64.0
2006,Children,2.896923076923078,0.5000000000000001,65.0
2006,Comedy,3.072865853658538,1.0664634146341472,328.0
2006,Crime,3.1513513513513525,-1.9846846846846848,111.0
2006,Documentary,3.495348837209304,-0.327906976744186,129.0
2006,Drama,3.204372623574147,-0.0467680608365006,526.0
2006,Fantasy,3.1361111111111115,0.7750000000000067,72.0
2006,Film-Noir,3.3,1.4999999999999998,1.0
2006,Horror,2.734108527131783,-1.4248062015503873,129.0
2006,IMAX,3.1375,-3.4625000000000004,8.0
2006,Musical,3.295238095238094,2.009523809523811,21.0
2006,Mystery,3.1507042253521136,-1.1507042253521134,71.0
2006,Romance,3.20060606060606,2.1139393939393942,165.0
2006,Sci-Fi,2.950877192982457,-1.7140350877192971,57.0
2006,Thriller,2.9019138755980856,-2.880382775119616,209.0
2006,War,3.348387096774193,-3.874193548387099,31.0
2006,Western,2.95,0.0499999999999997,4.0
2007,Action,2.9107142857142865,-1.1650000000000025,140.0
2007,Adventure,2.942028985507247,1.6478260869565216,69.0
2007,Animation,3.184615384615385,1.4169230769230767,65.0
2007,Children,2.92156862745098,0.7647058823529409,51.0
2007,Comedy,3.087461773700303,1.3886850152905188,327.0
2007,Crime,3.201886792452831,-2.789622641509436,106.0
2007,Documentary,3.476923076923077,-0.1909090909090909,143.0
2007,Drama,3.201989150090415,-0.2099457504520797,553.0
2007,Fantasy,3.025373134328358,-0.5149253731343286,67.0
2007,Film-Noir,3.1,-0.4333333333333333,3.0
2007,Horror,2.651333333333333,-2.6946666666666683,150.0
2007,IMAX,3.3125,-14.88750000000002,8.0
2007,Musical,3.259375,1.0718750000000006,32.0
2007,Mystery,2.9339622641509435,-0.686792452830191,53.0
2007,Romance,3.1576470588235304,1.5205882352941174,170.0
2007,Sci-Fi,2.8528571428571428,-1.4585714285714302,70.0
2007,Thriller,2.923963133640554,-3.433640552995393,217.0
2007,War,3.3431818181818187,-2.8204545454545467,44.0
2007,Western,2.6875,-0.6375000000000002,8.0
2008,Action,2.9681818181818183,-1.570454545454546,176.0
2008,Adventure,2.9292929292929304,1.735353535353532,99.0
2008,Animation,3.13943661971831,2.0901408450704198,71.0
2008,Children,3.0306451612903227,3.1709677419354803,62.0
2008,Comedy,3.074709302325584,1.1148255813953496,344.0
2008,Crime,3.127027027027027,-0.7189189189189175,111.0
2008,Documentary,3.452571428571429,-0.2679999999999998,175.0
2008,Drama,3.227738515901062,-0.5045936395759714,566.0
2008,Fantasy,3.0407894736842103,0.2855263157894741,76.0
2008,Film-Noir,3.3,-0.35,2.0
2008,Horror,2.599270072992701,-1.64963503649635,137.0
2008,IMAX,3.2,-0.988888888888888,9.0
2008,Musical,3.225925925925925,1.1481481481481484,27.0
2008,Mystery,3.066666666666665,-1.2930555555555558,72.0
2008,Romance,3.182142857142858,2.274999999999999,168.0
2008,Sci-Fi,2.859756097560976,1.310975609756093,82.0
2008,Thriller,2.878879310344825,-1.775431034482758,232.0
2008,War,3.2916666666666674,-4.3125,48.0
2008,Western,2.933333333333334,-0.1,9.0
2009,Action,2.9404494382022484,-1.1556179775280924,178.0
2009,Adventure,3.032222222222223,1.4088888888888929,90.0
2009,Animation,3.1,1.7972602739726076,73.0
2009,Children,3.0564516129032278,2.174193548387102,62.0
2009,Comedy,3.0257294429708224,1.3931034482758604,377.0
2009,Crime,3.1322033898305066,-1.0720338983050857,118.0
2009,Documentary,3.41871921182266,-0.1492610837438424,203.0
2009,Drama,3.198141891891892,-0.1528716216216215,592.0
2009,Fantasy,3.089024390243903,-1.0134146341463417,82.0
2009,Film-Noir,3.0333333333333337,-0.0999999999999999,3.0
2009,Horror,2.621951219512196,-2.150609756097562,164.0
2009,IMAX,3.363636363636364,5.363636363636363,11.0
2009,Musical,2.940740740740741,0.3999999999999999,27.0
2009,Mystery,3.0755813953488387,-2.225581395348839,86.0
2009,Romance,3.137078651685393,2.37752808988764,178.0
2009,Sci-Fi,2.958490566037738,-1.2783018867924545,106.0
2009,Thriller,2.8661417322834644,-2.5870078740157494,254.0
2009,War,3.1512820512820507,-2.064102564102569,39.0
2009,Western,3.0,0.1166666666666666,6.0
2010,Action,2.894409937888199,1.3198757763975166,161.0
2010,Adventure,3.063636363636363,0.8999999999999994,77.0
2010,Animation,3.2239999999999984,1.786666666666665,75.0
2010,Children,3.2147058823529413,2.174999999999998,68.0
2010,Comedy,3.117133956386295,1.1105919003115263,321.0
2010,Crime,3.118279569892473,1.9935483870967776,93.0
2010,Documentary,3.515000000000001,-0.1394999999999999,200.0
2010,Drama,3.1909090909090927,0.3731060606060614,528.0
2010,Fantasy,3.1999999999999997,1.0521739130434773,69.0
2010,Film-Noir,2.9,-1.6,1.0
2010,Horror,2.6039062500000005,-1.7507812500000006,128.0
2010,IMAX,3.4294117647058826,24.78235294117648,17.0
2010,Musical,3.3125,1.7625,24.0
2010,Mystery,3.0589285714285706,3.5089285714285787,56.0
2010,Romance,3.168789808917196,1.4547770700636942,157.0
2010,Sci-Fi,2.8076923076923066,4.680000000000005,65.0
2010,Thriller,2.924878048780487,-1.5912195121951205,205.0
2010,War,3.3,-2.113793103448276,29.0
2010,Western,2.8357142857142854,-2.0285714285714285,14.0
2011,Action,2.9116022099447494,0.3574585635359114,181.0
2011,Adventure,3.0284210526315776,1.7736842105263162,95.0
2011,Animation,3.113924050632911,0.4569620253164559,79.0
2011,Children,3.0346666666666664,0.6080000000000001,75.0
2011,Comedy,3.0842245989304837,1.4454545454545482,374.0
2011,Crime,3.073684210526316,-0.3589473684210526,95.0
2011,Documentary,3.450917431192662,0.0137614678899082,218.0
2011,Drama,3.2252144082332768,0.2979416809605505,583.0
2011,Fantasy,3.0028169014084507,1.3183098591549276,71.0
2011,Film-Noir,3.525,-5.125000000000001,4.0
2011,Horror,2.498484848484848,-1.121212121212121,132.0
2011,IMAX,3.083333333333333,1.3124999999999962,24.0
2011,Musical,3.21764705882353,0.3,17.0
2011,Mystery,2.977966101694916,1.6288135593220354,59.0
2011,Romance,3.167346938775509,2.029931972789115,147.0
2011,Sci-Fi,2.8202127659574456,0.8106382978723399,94.0
2011,Thriller,2.85793991416309,-0.94892703862661,233.0
2011,War,3.154285714285714,-1.1857142857142855,35.0
2011,Western,3.128571428571429,3.114285714285714,7.0
2012,Action,3.000558659217878,-0.3189944134078195,179.0
2012,Adventure,3.0240000000000005,4.514666666666673,75.0
2012,Animation,3.1012820512820523,0.2653846153846154,78.0
2012,Children,3.003389830508474,0.5237288135593221,59.0
2012,Comedy,3.0571428571428583,1.069272237196765,371.0
2012,Crime,3.145132743362833,-0.4884955752212383,113.0
2012,Documentary,3.4307692307692315,-0.0732793522267206,247.0
2012,Drama,3.1903973509933774,-0.017384105960265,604.0
2012,Fantasy,3.0982456140350885,0.8684210526315791,57.0
2012,Film-Noir,3.1500000000000004,-0.45,2.0
2012,Horror,2.5474358974358973,-1.0801282051282055,156.0
2012,IMAX,3.2218750000000003,9.209375000000016,32.0
2012,Musical,3.138461538461537,0.8461538461538465,26.0
2012,Mystery,3.055737704918033,-0.8557377049180329,61.0
2012,Romance,3.1201257861635217,0.8320754716981127,159.0
2012,Sci-Fi,2.838372093023256,1.5802325581395391,86.0
2012,Thriller,2.863913043478262,-1.03695652173913,230.0
2012,War,2.9514285714285715,-1.2057142857142855,35.0
2012,Western,3.216666666666667,-9.48333333333336,6.0
2013,Action,2.9446236559139773,-0.1698924731182806,186.0
2013,Adventure,3.084403669724772,1.7146788990825697,109.0
2013,Animation,3.16741573033708,0.8550561797752808,89.0
2013,Children,3.1611940298507464,0.0805970149253731,67.0
2013,Comedy,3.0156410256410267,0.7053846153846157,390.0
2013,Crime,3.1388888888888884,-0.0750000000000004,108.0
2013,Documentary,3.444827586206896,-0.1076628352490421,261.0
2013,Drama,3.219010819165381,0.5211746522411121,647.0
2013,Fantasy,3.074074074074075,1.802469135802467,81.0
2013,Film-Noir,2.9,-1.2,1.0
2013,Horror,2.5044871794871804,-1.234615384615385,156.0
2013,IMAX,3.253125,2.387499999999997,32.0
2013,Musical,3.2949999999999995,1.21,20.0
2013,Mystery,3.047297297297296,-0.3216216216216217,74.0
2013,Romance,3.185465116279071,2.431976744186044,172.0
2013,Sci-Fi,2.798198198198198,1.3909909909909872,111.0
2013,Thriller,2.9054945054945063,-0.7758241758241766,273.0
2013,War,3.270833333333334,-0.4124999999999998,24.0
2013,Western,2.75,0.55,6.0
2014,Action,2.916161616161617,0.5030303030303038,198.0
2014,Adventure,2.974747474747476,2.509090909090911,99.0
2014,Animation,3.10945945945946,2.3040540540540544,74.0
2014,Children,3.005747126436781,0.9781609195402295,87.0
2014,Comedy,3.039170506912444,1.1559907834101382,434.0
2014,Crime,3.1154411764705885,-1.0544117647058824,136.0
2014,Documentary,3.416370106761565,-0.0701067615658362,281.0
2014,Drama,3.1879154078549843,0.0838368580060421,662.0
2014,Fantasy,2.9854838709677414,0.640322580645161,62.0
2014,Horror,2.588235294117648,-1.2576470588235302,170.0
2014,IMAX,3.18,17.273333333333344,15.0
2014,Musical,3.1071428571428568,0.2857142857142857,14.0
2014,Mystery,3.045205479452056,-0.5493150684931505,73.0
2014,Romance,3.1542372881355942,1.0310734463276836,177.0
2014,Sci-Fi,2.7486486486486488,3.380180180180184,111.0
2014,Thriller,2.8913978494623627,-1.6215053763440843,279.0
2014,War,3.3531250000000004,-3.4093750000000003,32.0
2014,Western,3.391666666666666,-0.7583333333333332,12.0
2015,Action,2.816315789473685,-0.3905263157894746,190.0
2015,Adventure,3.026785714285715,1.0633928571428557,112.0
2015,Animation,3.1212500000000007,0.8624999999999993,80.0
2015,Children,3.223529411764705,1.0423529411764698,85.0
2015,Comedy,3.071289537712896,0.6245742092457428,411.0
2015,Crime,3.075,-1.0620000000000005,100.0
2015,Documentary,3.4506224066390048,-0.2103734439834025,241.0
2015,Drama,3.156677018633541,-0.0116459627329192,644.0
2015,Fantasy,3.0199999999999987,0.2723076923076908,65.0
2015,Horror,2.582790697674417,-1.3232558139534885,215.0
2015,IMAX,3.8,-34.700000000000024,1.0
2015,Musical,3.45,2.6999999999999997,2.0
2015,Mystery,2.924999999999999,-0.9500000000000002,76.0
2015,Romance,3.192715231788079,0.8238410596026484,151.0
2015,Sci-Fi,2.724031007751939,0.6937984496124022,129.0
2015,Thriller,2.86296296296296,-0.7097643097643097,297.0
2015,War,3.041379310344828,-0.7655172413793104,29.0
2015,Western,3.1818181818181817,-4.10909090909091,11.0
2016,Action,2.8215053763440863,-0.5956989247311848,186.0
2016,Adventure,2.9301075268817205,1.2591397849462316,93.0
2016,Animation,3.217105263157895,1.677631578947368,76.0
2016,Children,3.158441558441558,1.2181818181818176,77.0
2016,Comedy,3.043556701030928,0.8451030927835045,388.0
2016,Crime,3.026136363636363,-1.3170454545454535,88.0
2016,Documentary,3.4252336448598104,-0.1415887850467289,214.0
2016,Drama,3.1980230642504126,-0.0069192751235584,607.0
2016,Fantasy,2.983076923076924,0.027692307692307,65.0
2016,Horror,2.5337278106508867,-1.053846153846154,169.0
2016,Mystery,2.9533333333333345,-0.2816666666666664,60.0
2016,Romance,3.1783783783783788,1.292567567567568,148.0
2016,Sci-Fi,2.708695652173912,0.5195652173913023,92.0
2016,Thriller,2.847686832740215,-0.860498220640569,281.0
2016,War,3.0,-3.311538461538464,26.0
2016,Western,2.8090909090909086,-1.0727272727272728,11.0
2017,Action,2.9813186813186823,-0.0005494505494514927,182.0
2017,Adventure,3.028915662650601,3.0746987951807205,83.0
2017,Animation,2.927631578947368,0.1657894736842106,76.0
2017,Children,2.855737704918033,0.401639344262295,61.0
2017,Comedy,3.0551928783382785,0.3940652818991099,337.0
2017,Crime,3.1228260869565214,-1.7945652173913036,92.0
2017,Documentary,3.528048780487805,-0.0420731707317073,164.0
2017,Drama,3.192386831275724,-0.404320987654321,486.0
2017,Fantasy,2.9653846153846146,1.3057692307692308,52.0
2017,Horror,2.712658227848102,-2.203797468354429,158.0
2017,Mystery,3.011111111111111,-1.8351851851851848,54.0
2017,Romance,3.1825242718446614,0.597087378640777,103.0
2017,Sci-Fi,2.795238095238095,1.0171428571428558,105.0
2017,Thriller,2.9699999999999966,-2.0375,240.0
2017,War,3.262068965517241,-2.0034482758620697,29.0
2017,Western,3.0857142857142854,-1.25,14.0
2018,Action,2.9066666666666663,0.9879999999999974,75.0
2018,Adventure,3.0325,1.0950000000000002,40.0
2018,Animation,3.054166666666667,0.7666666666666669,24.0
2018,Children,3.11304347826087,-0.0434782608695652,23.0
2018,Comedy,3.083333333333333,1.4500000000000002,144.0
2018,Crime,3.1023255813953488,-0.2325581395348838,43.0
2018,Documentary,3.355102040816326,0.1122448979591836,49.0
2018,Drama,3.111235955056179,-0.1584269662921349,178.0
2018,Fantasy,3.093939393939394,0.7909090909090908,33.0
2018,Horror,2.6833333333333336,-1.046296296296297,54.0
2018,Mystery,3.092857142857142,-1.214285714285714,28.0
2018,Romance,3.1214285714285714,1.0523809523809522,42.0
2018,Sci-Fi,2.761538461538462,0.3653846153846123,52.0
2018,Thriller,2.874193548387097,-1.2290322580645163,93.0
2018,War,3.38,-0.92,5.0
2018,Western,2.733333333333333,-0.2,6.0
3,Action,3.0,0.3,1.0
3,Crime,3.0,0.3,1.0
3,Thriller,3.0,0.3,1.0
38,Animation,3.2,0.0,1.0
38,Children,3.2,0.0,1.0
5,Sci-Fi,3.9,0.0,1.0
6,Action,3.2,-0.7,1.0
6,Drama,3.2,-0.7,1.0
