year,genre,sentiment
0,Action,0.14285714285714277
0,Adventure,0.175
0,Animation,0.0
0,Children,0.6
0,Comedy,-0.07142857142857142
0,Crime,-0.25
0,Documentary,-0.004999999999999999
0,Drama,-0.8285714285714286
0,Fantasy,0.15
0,Horror,-0.2
0,Musical,-0.5
0,Romance,-0.42500000000000004
0,Sci-Fi,0.6799999999999999
0,Thriller,-1.8666666666666671
0,Western,0.0
1874,Documentary,0.0
1888,Documentary,0.0
1891,Action,0.0
1891,Documentary,0.0
1892,Animation,0.0
1894,Comedy,0.2
1894,Documentary,0.05833333333333333
1894,Drama,0.2
1894,Musical,0.0
1895,Comedy,0.0
1895,Documentary,0.0
1896,Comedy,0.0
1896,Documentary,0.09999999999999999
1896,Fantasy,0.0
1896,Horror,0.0
1896,Romance,0.3
1897,Action,0.0
1897,Comedy,0.0
1897,Documentary,-0.2
1897,Drama,0.0
1897,Fantasy,-0.19999999999999996
1897,Horror,-0.8999999999999999
1897,War,0.0
1898,Comedy,-0.05
1898,Documentary,0.0
1898,Drama,0.0
1898,Fantasy,-0.016666666666666666
1898,Sci-Fi,0.0
1899,Children,0.0
1899,Comedy,-0.39999999999999997
1899,Drama,0.0
1899,Fantasy,-0.2333333333333333
1899,Horror,-0.35
1899,Sci-Fi,0.0
1900,Action,0.0
1900,Animation,0.0
1900,Comedy,0.0
1900,Documentary,0.0
1900,Drama,0.0
1900,Fantasy,-0.2
1900,Romance,0.3666666666666667
1900,Thriller,0.0
1901,Action,0.0
1901,Comedy,-0.125
1901,Crime,-0.15
1901,Documentary,0.0
1901,Drama,-0.13333333333333333
1901,Fantasy,-0.3
1901,Horror,-0.1
1901,Sci-Fi,-0.5
1902,Action,1.7999999999999998
1902,Adventure,1.7999999999999998
1902,Drama,0.6
1902,Fantasy,0.8999999999999999
1902,Sci-Fi,1.7999999999999998
1903,Adventure,0.0
1903,Comedy,-0.016666666666666673
1903,Crime,-0.39999999999999997
1903,Documentary,0.0
1903,Drama,-0.4
1903,Fantasy,-0.07777777777777778
1903,Horror,-0.16666666666666666
1903,Romance,0.0
1903,Western,-0.39999999999999997
1904,Adventure,-1.1
1904,Comedy,0.0
1904,Documentary,0.0
1904,Fantasy,-0.6000000000000001
1904,Sci-Fi,-1.1
1905,Children,0.0
1905,Documentary,0.0
1905,Drama,0.5
1905,Fantasy,0.06666666666666668
1906,Action,-0.3
1906,Animation,0.0
1906,Comedy,-0.12857142857142856
1906,Crime,-0.44999999999999996
1906,Drama,-0.3
1906,Fantasy,0.0
1906,Horror,-1.5
1906,Sci-Fi,0.0
1907,Comedy,0.0
1907,Fantasy,-0.07999999999999999
1907,Horror,-0.7999999999999999
1908,Animation,-0.19999999999999996
1908,Comedy,-0.0857142857142857
1908,Crime,-0.1
1908,Fantasy,0.1666666666666667
1908,Horror,-0.5
1908,Sci-Fi,-0.09999999999999998
1909,Comedy,-0.2333333333333334
1909,Crime,0.0
1909,Documentary,0.0
1909,Drama,0.3
1909,Fantasy,0.26
1909,Horror,0.5333333333333333
1910,Adventure,0.0
1910,Comedy,0.0
1910,Drama,0.19999999999999998
1910,Fantasy,0.0
1910,Horror,0.7
1910,Sci-Fi,0.44999999999999996
1910,War,-0.6
1911,Adventure,-0.7
1911,Animation,0.0
1911,Comedy,0.0
1911,Drama,-0.7
1911,Fantasy,-0.35
1911,Horror,-0.7
1912,Adventure,0.0
1912,Animation,-1.3
1912,Comedy,-0.23333333333333336
1912,Crime,0.0
1912,Drama,0.0
1912,Fantasy,-0.15
1912,Romance,0.0
1912,Sci-Fi,0.0
1912,Western,0.0
1913,Adventure,0.4
1913,Crime,-0.5
1913,Drama,-0.75
1913,Horror,0.0
1914,Action,0.0
1914,Adventure,-0.19999999999999998
1914,Animation,0.0
1914,Children,0.13333333333333333
1914,Comedy,-0.041666666666666664
1914,Drama,-0.33999999999999997
1914,Fantasy,0.13333333333333333
1914,Horror,0.0
1914,Romance,0.0
1914,War,-0.5
1914,Western,0.0
1915,Action,-1.1
1915,Adventure,-1.1
1915,Animation,-0.3
1915,Children,0.2
1915,Comedy,0.07999999999999999
1915,Drama,-1.0399999999999998
1915,Fantasy,0.1
1915,Horror,-1.1
1915,Thriller,-1.1
1915,War,-3.399999999999999
1915,Western,0.0
1916,Action,-0.5
1916,Adventure,-0.25
1916,Animation,0.0
1916,Comedy,0.11999999999999997
1916,Crime,0.0
1916,Documentary,0.6
1916,Drama,-0.19
1916,Fantasy,0.0
1916,Mystery,0.1
1916,Romance,0.19999999999999996
1916,Sci-Fi,-0.5
1916,War,0.3
1916,Western,-0.3
1917,Action,0.0
1917,Adventure,0.0
1917,Comedy,-0.1111111111111111
1917,Drama,-0.6428571428571429
1917,Fantasy,-1.1
1917,Romance,-0.55
1917,Western,-0.35
1918,Comedy,-0.41428571428571426
1918,Drama,0.024999999999999994
1918,Fantasy,0.6
1918,Romance,0.0
1918,War,0.0
1919,Action,0.15
1919,Adventure,0.3
1919,Comedy,0.16363636363636364
1919,Documentary,0.2
1919,Drama,-0.13333333333333333
1919,Fantasy,1.1
1919,Horror,0.0
1919,Romance,-0.5666666666666668
1919,War,-0.25
1919,Western,0.0
1920,Action,0.3
1920,Adventure,0.09999999999999999
1920,Comedy,0.06666666666666667
1920,Crime,-3.55
1920,Drama,0.012499999999999997
1920,Fantasy,-3.55
1920,Horror,-1.775
1920,Romance,-0.05
1920,Sci-Fi,0.0
1920,Western,0.2333333333333333
1921,Action,0.0
1921,Adventure,0.0
1921,Animation,0.0
1921,Comedy,-0.05000000000000002
1921,Crime,0.0
1921,Drama,-0.2571428571428572
1921,Fantasy,-1.7999999999999998
1921,Horror,0.0
1921,Mystery,0.0
1921,Romance,-0.11250000000000004
1921,Thriller,0.0
1921,War,-1.7000000000000002
1922,Action,-0.5
1922,Adventure,0.0
1922,Animation,0.5
1922,Comedy,0.09999999999999999
1922,Crime,-1.9499999999999997
1922,Documentary,-1.4249999999999998
1922,Drama,-0.02727272727272727
1922,Fantasy,-0.3
1922,Horror,-4.6499999999999995
1922,Mystery,-1.9499999999999997
1922,Romance,-0.1142857142857143
1922,Thriller,-1.9499999999999997
1922,War,0.0
1923,Action,0.6
1923,Adventure,0.0
1923,Animation,0.0
1923,Comedy,0.06363636363636363
1923,Drama,-0.5
1923,Fantasy,-0.3
1923,Horror,-1.4
1923,Romance,0.12
1924,Action,0.09999999999999998
1924,Adventure,-0.5000000000000001
1924,Animation,-0.2
1924,Comedy,-0.012499999999999997
1924,Crime,-1.9000000000000001
1924,Documentary,0.0
1924,Drama,-0.4647058823529413
1924,Fantasy,-0.1800000000000001
1924,Horror,-1.9000000000000001
1924,Romance,-0.2777777777777778
1924,Sci-Fi,-0.1
1924,Thriller,-0.26666666666666666
1924,Western,0.0
1925,Action,0.0
1925,Adventure,-0.7800000000000001
1925,Animation,0.0
1925,Children,-2.8000000000000003
1925,Comedy,-0.10000000000000005
1925,Crime,-0.16666666666666666
1925,Documentary,0.0
1925,Drama,-0.3190476190476191
1925,Fantasy,-2.8000000000000003
1925,Horror,0.55
1925,Mystery,-0.09999999999999998
1925,Romance,-0.27999999999999997
1925,Sci-Fi,-0.19999999999999998
1925,War,-2.1999999999999997
1925,Western,-0.2
1926,Action,0.0
1926,Adventure,-0.19999999999999998
1926,Animation,0.0
1926,Comedy,-0.39999999999999986
1926,Crime,0.0
1926,Documentary,0.0
1926,Drama,-0.2541666666666667
1926,Fantasy,-1.6666666666666663
1926,Horror,-2.4999999999999996
1926,Mystery,0.0
1926,Romance,-0.006249999999999992
1926,Thriller,0.0
1926,War,-1.4499999999999995
1926,Western,0.0
1927,Action,-0.5999999999999999
1927,Adventure,0.06666666666666667
1927,Children,-0.4
1927,Comedy,0.09999999999999999
1927,Crime,-1.1333333333333333
1927,Documentary,0.0
1927,Drama,0.29130434782608694
1927,Film-Noir,-1.6
1927,Horror,-0.16666666666666666
1927,Musical,-0.3
1927,Mystery,-0.5
1927,Romance,0.24117647058823533
1927,Sci-Fi,5.35
1927,Thriller,-1.7999999999999998
1927,War,3.700743415417188E-17
1928,Action,-0.09999999999999999
1928,Adventure,0.0
1928,Animation,0.25
1928,Children,0.25
1928,Comedy,0.19999999999999998
1928,Crime,-0.6333333333333333
1928,Documentary,-0.1
1928,Drama,0.12499999999999994
1928,Fantasy,0.15
1928,Film-Noir,0.0
1928,Horror,0.3
1928,Musical,0.5
1928,Mystery,0.15
1928,Romance,0.19230769230769235
1928,Thriller,-0.5
1928,War,-0.39999999999999997
1928,Western,-0.2
1929,Action,0.5
1929,Adventure,0.7333333333333333
1929,Animation,-0.46666666666666673
1929,Children,0.0
1929,Comedy,-0.06666666666666668
1929,Crime,-0.25
1929,Documentary,0.0
1929,Drama,0.11521739130434783
1929,Fantasy,1.3000000000000003
1929,Musical,0.025000000000000022
1929,Mystery,0.0
1929,Romance,0.18125
1929,Sci-Fi,0.0
1929,Thriller,0.0
1929,Western,0.0
1930,Action,-4.1
1930,Adventure,0.16666666666666666
1930,Animation,0.03636363636363637
1930,Comedy,-0.026923076923076914
1930,Crime,-0.3
1930,Documentary,0.059999999999999984
1930,Drama,-0.5333333333333332
1930,Fantasy,-0.3
1930,Film-Noir,-2.0
1930,Musical,-0.0909090909090909
1930,Mystery,-0.075
1930,Romance,0.03913043478260871
1930,Sci-Fi,0.1
1930,Thriller,-0.3666666666666667
1930,War,-3.316666666666667
1930,Western,0.16666666666666666
1931,Action,1.2000000000000002
1931,Adventure,-0.26666666666666666
1931,Animation,0.05
1931,Comedy,1.0482758620689656
1931,Crime,-0.6764705882352942
1931,Drama,0.03230769230769238
1931,Film-Noir,-5.7
1931,Horror,-3.242857142857143
1931,Musical,0.15
1931,Mystery,-0.5857142857142856
1931,Romance,0.9033333333333334
1931,Sci-Fi,-14.7
1931,Thriller,-3.0500000000000003
1931,War,-0.09999999999999998
1931,Western,0.3999999999999999
1932,Action,-0.13333333333333333
1932,Adventure,-0.6888888888888888
1932,Animation,-0.09166666666666667
1932,Children,-0.55
1932,Comedy,0.14324324324324325
1932,Crime,-1.8333333333333333
1932,Drama,-0.4635135135135135
1932,Fantasy,-0.25
1932,Film-Noir,-0.9
1932,Horror,-2.2583333333333333
1932,Musical,0.2
1932,Mystery,-0.225
1932,Romance,-0.16111111111111112
1932,Sci-Fi,-1.1333333333333335
1932,Thriller,-0.6428571428571429
1932,War,-0.6666666666666666
1932,Western,0.0
1933,Action,-0.5333333333333332
1933,Adventure,-0.3857142857142856
1933,Animation,-0.15833333333333333
1933,Children,-0.25
1933,Comedy,0.12916666666666665
1933,Crime,-0.5833333333333333
1933,Documentary,-1.5
1933,Drama,-0.11692307692307692
1933,Fantasy,-0.3599999999999999
1933,Horror,-0.8333333333333331
1933,Musical,-0.10909090909090907
1933,Mystery,-0.9142857142857143
1933,Romance,0.05121951219512196
1933,Sci-Fi,-0.09999999999999998
1933,Thriller,-1.3599999999999999
1933,War,0.16
1933,Western,0.075
1934,Action,-0.08333333333333333
1934,Adventure,-0.375
1934,Animation,-0.15
1934,Children,0.6000000000000001
1934,Comedy,0.2354166666666666
1934,Crime,-0.14285714285714285
1934,Documentary,-0.8500000000000002
1934,Drama,-0.16093749999999996
1934,Fantasy,0.12500000000000003
1934,Horror,-2.0
1934,Musical,0.16666666666666666
1934,Mystery,-0.24285714285714285
1934,Romance,0.19782608695652165
1934,Sci-Fi,0.0
1934,Thriller,-1.3499999999999999
1934,War,-0.2333333333333333
1934,Western,0.030000000000000006
1935,Action,-0.18
1935,Adventure,0.015384615384615382
1935,Animation,0.0
1935,Children,0.09999999999999998
1935,Comedy,0.17884615384615382
1935,Crime,-0.24117647058823527
1935,Drama,-0.09836065573770489
1935,Fantasy,0.29999999999999993
1935,Horror,-1.125
1935,Musical,0.25
1935,Mystery,-0.4928571428571427
1935,Romance,0.15510204081632653
1935,Sci-Fi,-0.4
1935,Thriller,-0.7999999999999999
1935,War,0.2
1935,Western,0.1375
1936,Action,0.175
1936,Adventure,0.2
1936,Animation,0.0
1936,Children,0.0
1936,Comedy,0.3509803921568627
1936,Crime,-0.21666666666666667
1936,Documentary,-1.2
1936,Drama,0.018333333333333337
1936,Fantasy,0.15
1936,Film-Noir,-2.0
1936,Horror,-0.9333333333333333
1936,Musical,0.17777777777777778
1936,Mystery,0.09166666666666667
1936,Romance,0.37499999999999994
1936,Sci-Fi,-0.8285714285714285
1936,Thriller,-0.32499999999999996
1936,War,-0.22000000000000003
1936,Western,0.0
1937,Action,-0.14999999999999997
1937,Adventure,0.037500000000000006
1937,Animation,0.09090909090909088
1937,Children,0.3
1937,Comedy,0.1327272727272727
1937,Crime,-0.2952380952380952
1937,Documentary,-1.2
1937,Drama,-0.15616438356164378
1937,Fantasy,0.42499999999999993
1937,Film-Noir,0.06666666666666667
1937,Musical,0.18333333333333332
1937,Mystery,0.06363636363636366
1937,Romance,0.15192307692307688
1937,Sci-Fi,-1.1
1937,Thriller,0.03571428571428573
1937,War,-1.1571428571428568
1937,Western,0.2
1938,Action,-0.06000000000000001
1938,Adventure,0.13333333333333336
1938,Animation,0.0
1938,Children,0.46666666666666673
1938,Comedy,0.6038461538461538
1938,Crime,-0.2625
1938,Documentary,0.0
1938,Drama,0.0810344827586207
1938,Fantasy,0.033333333333333326
1938,Film-Noir,-0.35000000000000003
1938,Horror,-0.44999999999999996
1938,Musical,0.31666666666666665
1938,Mystery,-0.23333333333333336
1938,Romance,0.7952380952380949
1938,Sci-Fi,-0.44999999999999996
1938,Thriller,-0.3142857142857142
1938,War,-0.41250000000000003
1938,Western,0.0
1939,Action,0.24999999999999997
1939,Adventure,0.13
1939,Animation,0.0375
1939,Children,0.9200000000000002
1939,Comedy,0.015555555555555546
1939,Crime,-0.18999999999999997
1939,Drama,-0.14029850746268652
1939,Fantasy,0.7750000000000001
1939,Horror,-0.2571428571428571
1939,Musical,0.41
1939,Mystery,-0.07083333333333333
1939,Romance,-0.4052631578947367
1939,Sci-Fi,-0.775
1939,Thriller,-0.13333333333333336
1939,War,-1.8555555555555547
1939,Western,0.13
1940,Action,-0.3
1940,Adventure,-0.11249999999999999
1940,Animation,0.8749999999999999
1940,Children,0.9999999999999999
1940,Comedy,0.5436363636363637
1940,Crime,-0.24999999999999997
1940,Documentary,-0.3
1940,Drama,0.2802631578947369
1940,Fantasy,1.2333333333333332
1940,Film-Noir,-0.825
1940,Horror,-0.8999999999999999
1940,Musical,0.8166666666666665
1940,Mystery,-0.3533333333333332
1940,Romance,0.7666666666666668
1940,Sci-Fi,-0.7333333333333333
1940,Thriller,-0.26666666666666655
1940,War,-0.6125
1940,Western,-0.5499999999999999
1941,Action,-0.09999999999999999
1941,Adventure,0.02500000000000005
1941,Animation,-0.17058823529411762
1941,Children,-1.0999999999999999
1941,Comedy,0.15507246376811595
1941,Crime,-0.049999999999999996
1941,Drama,0.2651515151515157
1941,Fantasy,-0.055555555555555504
1941,Film-Noir,0.44444444444444464
1941,Horror,-0.8299999999999998
1941,Musical,-0.04705882352941173
1941,Mystery,2.1250000000000018
1941,Romance,0.20588235294117652
1941,Sci-Fi,-0.5
1941,Thriller,-0.611111111111111
1941,War,-0.3
1941,Western,0.012500000000000004
1942,Action,-0.1846153846153846
1942,Adventure,-0.09999999999999998
1942,Animation,-0.21176470588235288
1942,Children,-0.6399999999999999
1942,Comedy,0.12916666666666665
1942,Crime,-0.32857142857142857
1942,Documentary,-2.0
1942,Drama,0.07000000000000016
1942,Fantasy,0.25
1942,Film-Noir,-0.5833333333333334
1942,Horror,-1.1777777777777778
1942,Musical,0.15714285714285717
1942,Mystery,-0.33157894736842103
1942,Romance,0.44210526315789467
1942,Sci-Fi,-1.05
1942,Thriller,-0.5777777777777778
1942,War,-0.4925925925925925
1942,Western,0.0
1943,Action,-0.611111111111111
1943,Adventure,-0.23333333333333328
1943,Animation,-0.2545454545454545
1943,Children,-0.016666666666666663
1943,Comedy,0.004878048780487817
1943,Crime,-1.55
1943,Documentary,-0.9777777777777779
1943,Drama,-0.528813559322034
1943,Fantasy,-0.32857142857142846
1943,Film-Noir,-1.9666666666666668
1943,Horror,-1.4909090909090912
1943,Musical,0.04375000000000001
1943,Mystery,-0.7000000000000001
1943,Romance,-0.11176470588235293
1943,Sci-Fi,-0.7000000000000001
1943,Thriller,-1.4846153846153844
1943,War,-0.7999999999999999
1943,Western,0.05000000000000001
1944,Action,-0.375
1944,Adventure,0.11000000000000001
1944,Animation,0.0
1944,Children,0.6000000000000001
1944,Comedy,0.21935483870967745
1944,Crime,-1.24
1944,Documentary,-0.675
1944,Drama,-0.410294117647059
1944,Fantasy,-0.06
1944,Film-Noir,-1.4300000000000004
1944,Horror,-0.74
1944,Musical,0.3923076923076923
1944,Mystery,-0.4699999999999999
1944,Romance,-0.06428571428571427
1944,Sci-Fi,-0.5
1944,Thriller,-0.8666666666666667
1944,War,-0.20952380952380945
1944,Western,0.19999999999999998
1945,Action,0.12499999999999999
1945,Adventure,0.06999999999999999
1945,Animation,-0.05
1945,Children,0.0
1945,Comedy,0.002941176470588248
1945,Crime,-0.3875
1945,Documentary,-0.55
1945,Drama,-0.06666666666666665
1945,Fantasy,0.016666666666666663
1945,Film-Noir,-0.42499999999999993
1945,Horror,-0.9199999999999999
1945,Musical,0.2
1945,Mystery,-0.8136363636363634
1945,Romance,0.15172413793103454
1945,Thriller,-0.7294117647058823
1945,War,-0.23888888888888887
1945,Western,0.24000000000000005
1946,Action,-0.52
1946,Adventure,-2.5
1946,Animation,-0.2714285714285714
1946,Children,3.1444444444444453
1946,Comedy,-0.036842105263157905
1946,Crime,-0.24285714285714283
1946,Documentary,-1.0
1946,Drama,0.09999999999999996
1946,Fantasy,6.460000000000003
1946,Film-Noir,-0.06499999999999995
1946,Horror,-1.75
1946,Musical,0.06249999999999998
1946,Mystery,-0.2727272727272726
1946,Romance,1.0444444444444447
1946,Thriller,-0.23499999999999988
1946,War,-1.14
1946,Western,0.18999999999999997
1947,Action,-0.0875
1947,Adventure,0.05
1947,Animation,0.02666666666666667
1947,Children,-0.09999999999999999
1947,Comedy,0.18372093023255814
1947,Crime,-0.259375
1947,Documentary,-0.8999999999999999
1947,Drama,-0.1298850574712644
1947,Fantasy,0.6999999999999998
1947,Film-Noir,-0.4294117647058823
1947,Horror,0.0
1947,Musical,0.2625
1947,Mystery,-0.2625
1947,Romance,0.1282051282051282
1947,Thriller,-0.11666666666666665
1947,War,-0.024999999999999967
1947,Western,-0.08
1948,Action,-0.13571428571428573
1948,Adventure,-0.11818181818181821
1948,Animation,0.0
1948,Children,0.15
1948,Comedy,0.10749999999999997
1948,Crime,-0.5588235294117647
1948,Documentary,-0.4
1948,Drama,-0.33666666666666667
1948,Fantasy,0.5125000000000001
1948,Film-Noir,-0.6869565217391305
1948,Horror,-0.5
1948,Musical,0.36
1948,Mystery,-0.23124999999999998
1948,Romance,0.26470588235294124
1948,Sci-Fi,0.6
1948,Thriller,-0.9874999999999998
1948,War,-0.29999999999999993
1948,Western,-0.125
1949,Action,-0.6666666666666666
1949,Adventure,-0.08888888888888889
1949,Animation,0.05
1949,Children,0.19
1949,Comedy,-0.07352941176470586
1949,Crime,-0.3878787878787878
1949,Documentary,0.0
1949,Drama,-0.208411214953271
1949,Fantasy,0.275
1949,Film-Noir,-0.25483870967741945
1949,Horror,-0.04999999999999996
1949,Musical,0.2875
1949,Mystery,0.6307692307692305
1949,Romance,0.20882352941176463
1949,Sci-Fi,0.3
1949,Thriller,-0.08823529411764716
1949,War,-1.6199999999999999
1949,Western,-0.2375
1950,Action,0.06923076923076922
1950,Adventure,0.13846153846153844
1950,Animation,0.24444444444444446
1950,Children,0.6285714285714287
1950,Comedy,0.3302325581395349
1950,Crime,-0.5297297297297299
1950,Documentary,0.7
1950,Drama,-0.08842105263157896
1950,Fantasy,4.033333333333332
1950,Film-Noir,-0.3392857142857143
1950,Horror,0.0
1950,Musical,0.375
1950,Mystery,-0.7714285714285714
1950,Romance,0.11428571428571425
1950,Sci-Fi,-0.075
1950,Thriller,-0.2
1950,War,-0.3875
1950,Western,0.04210526315789471
1951,Action,-0.3833333333333333
1951,Adventure,0.8999999999999998
1951,Animation,0.757142857142857
1951,Children,0.957142857142857
1951,Comedy,0.28863636363636364
1951,Crime,-0.03939393939393935
1951,Documentary,-0.2
1951,Drama,-0.19479166666666656
1951,Fantasy,0.6166666666666664
1951,Film-Noir,0.010526315789473781
1951,Horror,-0.7
1951,Musical,0.41176470588235287
1951,Mystery,-0.15999999999999998
1951,Romance,0.4705882352941176
1951,Sci-Fi,-0.4090909090909091
1951,Thriller,0.022727272727272787
1951,War,-0.16000000000000003
1951,Western,-0.12222222222222223
1952,Action,-0.02777777777777776
1952,Adventure,-0.07500000000000001
1952,Animation,-0.0642857142857143
1952,Children,0.0
1952,Comedy,0.4510638297872341
1952,Crime,-0.325
1952,Drama,-0.14835164835164832
1952,Fantasy,0.039999999999999994
1952,Film-Noir,-0.44999999999999996
1952,Horror,-0.3
1952,Musical,1.508333333333333
1952,Mystery,-0.1285714285714286
1952,Romance,0.7266666666666666
1952,Sci-Fi,-0.37142857142857144
1952,Thriller,-0.3411764705882353
1952,War,-0.4
1952,Western,0.16190476190476188
1953,Action,0.08333333333333331
1953,Adventure,0.04444444444444444
1953,Animation,0.05714285714285713
1953,Children,0.08888888888888888
1953,Comedy,0.6026315789473681
1953,Crime,-0.20588235294117643
1953,Documentary,-0.22000000000000003
1953,Drama,0.04086021505376343
1953,Fantasy,0.35
1953,Film-Noir,-0.15454545454545457
1953,Horror,-0.52
1953,Musical,0.35625
1953,Mystery,-0.31428571428571433
1953,Romance,0.4488372093023256
1953,Sci-Fi,-0.12352941176470589
1953,Thriller,-0.7333333333333332
1953,War,-0.5923076923076922
1953,Western,-0.026666666666666665
1954,Action,2.2249999999999996
1954,Adventure,0.8250000000000002
1954,Animation,-0.14444444444444446
1954,Children,-0.25999999999999995
1954,Comedy,0.4228571428571428
1954,Crime,0.04782608695652173
1954,Documentary,0.5
1954,Drama,0.05333333333333333
1954,Fantasy,0.19999999999999998
1954,Film-Noir,-0.525
1954,Horror,-0.8555555555555556
1954,Musical,0.2
1954,Mystery,-0.9999999999999998
1954,Romance,0.4117647058823528
1954,Sci-Fi,-0.9083333333333333
1954,Thriller,-0.7842105263157894
1954,War,-0.6444444444444444
1954,Western,-0.08260869565217392
1955,Action,-0.3
1955,Adventure,0.025
1955,Animation,0.8499999999999999
1955,Children,1.4999999999999998
1955,Comedy,0.2342105263157894
1955,Crime,-0.33939393939393936
1955,Documentary,-1.2750000000000001
1955,Drama,-0.32454545454545464
1955,Fantasy,-0.08571428571428572
1955,Film-Noir,-0.5823529411764712
1955,Horror,-0.8923076923076922
1955,Musical,0.23571428571428568
1955,Mystery,0.21818181818181825
1955,Romance,0.6472222222222224
1955,Sci-Fi,-1.125
1955,Thriller,-0.5937500000000006
1955,War,-1.0846153846153845
1955,Western,-0.25833333333333336
1956,Action,-0.2933333333333333
1956,Adventure,-0.07272727272727274
1956,Animation,-0.04
1956,Children,0.0
1956,Comedy,0.08055555555555555
1956,Crime,-0.1399999999999999
1956,Documentary,0.12
1956,Drama,-0.14020618556701028
1956,Fantasy,0.07142857142857144
1956,Film-Noir,-0.11249999999999977
1956,Horror,-1.692307692307692
1956,Musical,0.36666666666666664
1956,Mystery,-0.16249999999999998
1956,Romance,0.11666666666666663
1956,Sci-Fi,-1.1058823529411763
1956,Thriller,-1.2333333333333332
1956,War,-0.6500000000000001
1956,Western,-0.1576923076923077
1957,Action,-1.1888888888888889
1957,Adventure,-0.7473684210526312
1957,Animation,0.0
1957,Children,-0.17777777777777776
1957,Comedy,0.151063829787234
1957,Crime,-0.12352941176470586
1957,Documentary,0.0
1957,Drama,-0.3431192660550462
1957,Fantasy,-0.08181818181818183
1957,Film-Noir,-0.24999999999999997
1957,Horror,-0.4958333333333333
1957,Musical,0.35833333333333334
1957,Mystery,0.14285714285714285
1957,Romance,0.27941176470588236
1957,Sci-Fi,-0.10384615384615384
1957,Thriller,-0.32307692307692304
1957,War,-2.640909090909091
1957,Western,-0.04
1958,Action,-0.5916666666666667
1958,Adventure,-0.7000000000000001
1958,Animation,0.0
1958,Children,0.13333333333333333
1958,Comedy,0.046875000000000014
1958,Crime,-0.4035714285714286
1958,Documentary,0.0
1958,Drama,-0.3612903225806453
1958,Fantasy,-0.43333333333333335
1958,Film-Noir,0.07500000000000018
1958,Horror,-0.56
1958,Musical,-0.21999999999999983
1958,Mystery,-3.5625
1958,Romance,-0.6730769230769234
1958,Sci-Fi,-0.5535714285714285
1958,Thriller,-1.219047619047619
1958,War,-0.6136363636363634
1958,Western,-0.019047619047619042
1959,Action,0.8549999999999998
1959,Adventure,0.8095238095238095
1959,Animation,0.38
1959,Children,0.15714285714285717
1959,Comedy,0.5125
1959,Crime,0.49259259259259286
1959,Documentary,0.0
1959,Drama,-0.12772277227722767
1959,Fantasy,-0.03750000000000003
1959,Horror,-1.2678571428571426
1959,Musical,0.7833333333333332
1959,Mystery,0.47499999999999976
1959,Romance,0.5393939393939393
1959,Sci-Fi,-0.6304347826086955
1959,Thriller,-0.08400000000000006
1959,War,-0.4724137931034483
1959,Western,-0.18125
1960,Action,-0.6230769230769233
1960,Adventure,-0.15263157894736845
1960,Animation,0.0
1960,Children,0.5666666666666667
1960,Comedy,-0.04883720930232554
1960,Crime,-2.4499999999999997
1960,Documentary,0.0
1960,Drama,-0.3757281553398058
1960,Fantasy,-0.9249999999999999
1960,Film-Noir,-1.35
1960,Horror,-4.091304347826084
1960,Musical,0.33
1960,Mystery,-0.8399999999999999
1960,Romance,0.07142857142857138
1960,Sci-Fi,-0.4357142857142858
1960,Thriller,-1.4333333333333333
1960,War,-1.0272727272727273
1960,Western,-0.4166666666666667
1961,Action,-0.7727272727272727
1961,Adventure,-0.22500000000000006
1961,Animation,2.4999999999999996
1961,Children,0.8875
1961,Comedy,0.15681818181818186
1961,Crime,-0.2882352941176471
1961,Documentary,0.2
1961,Drama,0.10357142857142877
1961,Fantasy,-0.007692307692307682
1961,Film-Noir,-2.1
1961,Horror,-1.2421052631578946
1961,Musical,1.28
1961,Mystery,-0.6999999999999998
1961,Romance,1.372413793103449
1961,Sci-Fi,-0.2533333333333333
1961,Thriller,-0.8714285714285712
1961,War,-0.8666666666666666
1961,Western,-0.08333333333333333
1962,Action,-0.9624999999999999
1962,Adventure,-0.5148148148148147
1962,Animation,-0.03333333333333335
1962,Children,0.3714285714285714
1962,Comedy,0.08936170212765956
1962,Crime,-1.275
1962,Documentary,-0.3
1962,Drama,-0.375
1962,Fantasy,-0.3538461538461538
1962,Horror,-1.4166666666666665
1962,Musical,0.27
1962,Mystery,-0.41111111111111115
1962,Romance,0.3090909090909091
1962,Sci-Fi,-0.6916666666666668
1962,Thriller,-2.1
1962,War,-1.9749999999999996
1962,Western,-0.25000000000000006
1963,Action,-1.73888888888889
1963,Adventure,-1.685000000000001
1963,Animation,0.2
1963,Children,0.0875
1963,Comedy,0.23333333333333336
1963,Crime,0.33529411764705924
1963,Documentary,-0.15
1963,Drama,-0.6037500000000003
1963,Fantasy,0.4857142857142858
1963,Film-Noir,-1.8999999999999995
1963,Horror,-2.4608695652173918
1963,Musical,0.0875
1963,Mystery,1.0272727272727282
1963,Romance,0.6000000000000003
1963,Sci-Fi,-0.7545454545454544
1963,Thriller,-1.8277777777777773
1963,War,-2.4000000000000017
1963,Western,0.4666666666666666
1964,Action,-0.0884615384615385
1964,Adventure,0.32000000000000006
1964,Animation,0.0375
1964,Children,-0.4933333333333332
1964,Comedy,0.26125000000000026
1964,Crime,-0.5363636363636364
1964,Documentary,-0.12727272727272726
1964,Drama,-0.3754716981132075
1964,Fantasy,-0.6499999999999999
1964,Film-Noir,0.0
1964,Horror,-1.7464285714285717
1964,Musical,1.1666666666666672
1964,Mystery,-1.1400000000000001
1964,Romance,0.4129032258064516
1964,Sci-Fi,-0.52
1964,Thriller,-1.2333333333333332
1964,War,-0.7318181818181813
1964,Western,0.4888888888888888
1965,Action,-0.49999999999999994
1965,Adventure,-0.16785714285714293
1965,Animation,0.08
1965,Children,0.275
1965,Comedy,-0.0208955223880597
1965,Crime,-0.39999999999999997
1965,Documentary,-0.39999999999999997
1965,Drama,-0.5858490566037735
1965,Fantasy,0.125
1965,Film-Noir,-0.7000000000000001
1965,Horror,-1.6260869565217382
1965,Musical,1.075000000000001
1965,Mystery,-0.22999999999999993
1965,Romance,0.4258064516129034
1965,Sci-Fi,-0.08846153846153845
1965,Thriller,-0.8434782608695653
1965,War,-1.0545454545454545
1965,Western,-0.5888888888888889
1966,Action,-0.4883720930232556
1966,Adventure,-0.3341463414634144
1966,Animation,-0.24999999999999994
1966,Children,-0.03076923076923077
1966,Comedy,-0.09111111111111109
1966,Crime,-0.35862068965517235
1966,Documentary,0.0
1966,Drama,-0.264423076923077
1966,Fantasy,0.2166666666666667
1966,Film-Noir,-0.5
1966,Horror,-0.4423076923076923
1966,Musical,0.48
1966,Mystery,-0.7470588235294119
1966,Romance,-0.20799999999999993
1966,Sci-Fi,-0.1636363636363636
1966,Thriller,-0.46875
1966,War,-1.035
1966,Western,-0.5441176470588233
1967,Action,-0.5769230769230768
1967,Adventure,-0.125
1967,Animation,0.8499999999999998
1967,Children,0.6599999999999999
1967,Comedy,0.4864864864864864
1967,Crime,-0.9357142857142858
1967,Documentary,-0.2785714285714286
1967,Drama,-0.6043478260869564
1967,Fantasy,-0.4272727272727272
1967,Horror,-0.3269230769230769
1967,Musical,0.7249999999999999
1967,Mystery,-0.9454545454545453
1967,Romance,1.126923076923077
1967,Sci-Fi,-0.4652173913043478
1967,Thriller,-0.6899999999999998
1967,War,-1.04375
1967,Western,-0.22962962962962966
1968,Action,-0.39772727272727265
1968,Adventure,2.815151515151508
1968,Animation,0.05833333333333331
1968,Children,7.93016446160826E-18
1968,Comedy,-0.0855072463768116
1968,Crime,-0.5591836734693877
1968,Documentary,-0.04666666666666666
1968,Drama,0.6635658914728666
1968,Fantasy,-0.39333333333333337
1968,Horror,-1.9971428571428569
1968,Musical,0.014285714285714266
1968,Mystery,-0.4666666666666667
1968,Romance,0.24375000000000002
1968,Sci-Fi,3.095454545454534
1968,Thriller,-1.6270270270270275
1968,War,-0.9533333333333333
1968,Western,0.021621621621621633
1969,Action,-0.22121212121212117
1969,Adventure,-0.30833333333333335
1969,Animation,0.46666666666666656
1969,Children,0.08181818181818183
1969,Comedy,0.2
1969,Crime,-0.4666666666666667
1969,Documentary,-0.39999999999999997
1969,Drama,-0.2362962962962965
1969,Fantasy,0.06363636363636366
1969,Horror,-0.6235294117647059
1969,Musical,0.6
1969,Mystery,-0.5166666666666666
1969,Romance,0.006666666666666628
1969,Sci-Fi,-0.3578947368421053
1969,Thriller,-1.0708333333333333
1969,War,-1.5736842105263158
1969,Western,-0.10833333333333325
1970,Action,-1.131707317073171
1970,Adventure,-0.3333333333333333
1970,Animation,0.25
1970,Children,0.25000000000000006
1970,Comedy,-0.14177215189873416
1970,Crime,-0.7535714285714284
1970,Documentary,-0.1333333333333333
1970,Drama,-0.39622641509433965
1970,Fantasy,-0.6315789473684211
1970,Horror,-0.8047619047619047
1970,Musical,0.17142857142857143
1970,Mystery,-0.5058823529411764
1970,Romance,0.07666666666666666
1970,Sci-Fi,-1.1
1970,Thriller,-0.7096774193548387
1970,War,-1.7149999999999994
1970,Western,-0.23214285714285718
1971,Action,-1.3130434782608698
1971,Adventure,-0.4727272727272727
1971,Animation,0.1
1971,Children,0.8909090909090902
1971,Comedy,0.6267605633802813
1971,Crime,-4.618421052631574
1971,Documentary,0.0
1971,Drama,-1.4681159420289847
1971,Fantasy,0.8499999999999993
1971,Horror,-1.1304347826086956
1971,Musical,1.0499999999999994
1971,Mystery,-1.8178571428571428
1971,Romance,1.7555555555555553
1971,Sci-Fi,-7.4631578947368356
1971,Thriller,-4.331147540983603
1971,War,-1.05
1971,Western,-0.28837209302325584
1972,Action,-0.9849056603773585
1972,Adventure,-1.3199999999999996
1972,Animation,0.042857142857142864
1972,Children,0.16666666666666666
1972,Comedy,-0.041666666666666664
1972,Crime,-1.1958333333333335
1972,Documentary,-0.24444444444444446
1972,Drama,-0.5148387096774197
1972,Fantasy,-0.2866666666666667
1972,Film-Noir,0.0
1972,Horror,-1.134848484848485
1972,Musical,0.3071428571428572
1972,Mystery,-0.8400000000000001
1972,Romance,-0.15
1972,Sci-Fi,-0.3949999999999999
1972,Thriller,-1.3646153846153843
1972,War,-1.2999999999999996
1972,Western,-0.32400000000000007
1973,Action,-0.916417910447761
1973,Adventure,-0.1652173913043478
1973,Animation,0.04545454545454548
1973,Children,0.39166666666666666
1973,Comedy,0.5863636363636364
1973,Crime,-0.8729411764705879
1973,Documentary,-0.37
1973,Drama,-0.6079470198675496
1973,Fantasy,0.033333333333333326
1973,Film-Noir,-5.1
1973,Horror,-1.720253164556962
1973,Musical,0.4555555555555556
1973,Mystery,-3.927272727272728
1973,Romance,0.36666666666666664
1973,Sci-Fi,-0.7448275862068966
1973,Thriller,-1.5865671641791042
1973,War,-0.5555555555555555
1973,Western,-0.06842105263157895
1974,Action,-0.6816901408450705
1974,Adventure,-0.25
1974,Animation,0.008333333333333326
1974,Children,0.3
1974,Comedy,0.15303030303030302
1974,Crime,-0.8075471698113207
1974,Documentary,-0.1076923076923077
1974,Drama,-0.555813953488372
1974,Fantasy,0.19285714285714284
1974,Film-Noir,-3.0000000000000018
1974,Horror,-1.8259259259259264
1974,Musical,0.09999999999999999
1974,Mystery,-1.4882352941176473
1974,Romance,-0.13749999999999998
1974,Sci-Fi,-0.24666666666666667
1974,Thriller,-1.1672413793103444
1974,War,-0.8555555555555556
1974,Western,0.1333333333333333
1975,Action,-1.1688888888888893
1975,Adventure,4.628571428571437
1975,Animation,-0.1428571428571428
1975,Children,0.09999999999999999
1975,Comedy,1.3075000000000017
1975,Crime,0.05681818181818112
1975,Documentary,-0.07777777777777778
1975,Drama,-0.17920000000000041
1975,Fantasy,6.093333333333345
1975,Horror,-1.4657894736842112
1975,Musical,0.7090909090909082
1975,Mystery,-1.3727272727272726
1975,Romance,-0.49666666666666676
1975,Sci-Fi,0.052941176470587666
1975,Thriller,-0.9533333333333333
1975,War,-1.35
1975,Western,-0.09500000000000001
1976,Action,-0.7298245614035088
1976,Adventure,-0.5599999999999999
1976,Animation,0.2
1976,Children,0.05833333333333333
1976,Comedy,-0.19240506329113916
1976,Crime,-2.47777777777778
1976,Documentary,-0.25000000000000006
1976,Drama,-1.4462585034013609
1976,Fantasy,-1.6312500000000005
1976,Film-Noir,-1.4
1976,Horror,-2.383720930232558
1976,Musical,0.15000000000000002
1976,Mystery,-2.1
1976,Romance,-0.07894736842105261
1976,Sci-Fi,-0.775
1976,Thriller,-3.532142857142857
1976,War,-0.8714285714285716
1976,Western,-0.7615384615384614
1977,Action,6.1276595744681615
1977,Adventure,7.9775000000000915
1977,Animation,0.08947368421052632
1977,Children,0.331578947368421
1977,Comedy,0.6180555555555549
1977,Crime,-0.43793103448275866
1977,Documentary,0.13076923076923078
1977,Drama,-0.5832061068702289
1977,Fantasy,-0.49999999999999967
1977,Horror,-2.18936170212766
1977,Musical,0.5444444444444444
1977,Mystery,-0.23333333333333328
1977,Romance,1.3133333333333324
1977,Sci-Fi,14.073913043478418
1977,Thriller,-1.1730769230769231
1977,War,-2.65
1977,Western,-0.19999999999999998
1978,Action,-0.8036363636363637
1978,Adventure,-0.6478260869565218
1978,Animation,-0.8333333333333331
1978,Children,-0.6666666666666666
1978,Comedy,0.4253012048192769
1978,Crime,-0.328125
1978,Documentary,-0.36666666666666664
1978,Drama,-0.6710526315789471
1978,Fantasy,-1.1874999999999998
1978,Film-Noir,-0.3
1978,Horror,-2.9957446808510646
1978,Musical,1.7374999999999998
1978,Mystery,-0.7210526315789473
1978,Romance,0.6217391304347827
1978,Sci-Fi,-0.5759999999999998
1978,Thriller,-1.7909090909090906
1978,War,-1.5599999999999996
1978,Western,-0.07142857142857141
1979,Action,-2.5075471698113208
1979,Adventure,-1.3961538461538465
1979,Animation,0.3230769230769231
1979,Children,-0.11250000000000006
1979,Comedy,0.9078651685393252
1979,Crime,-0.43636363636363645
1979,Documentary,0.09285714285714286
1979,Drama,-0.6261194029850742
1979,Fantasy,0.010000000000000026
1979,Film-Noir,-0.2
1979,Horror,-3.36470588235294
1979,Musical,0.6
1979,Mystery,1.2937500000000028
1979,Romance,0.6000000000000001
1979,Sci-Fi,-3.3964285714285687
1979,Thriller,-1.692857142857143
1979,War,-9.17272727272727
1979,Western,-0.1
1980,Action,-0.3739999999999997
1980,Adventure,-0.9068965517241374
1980,Animation,0.15000000000000002
1980,Children,0.1
1980,Comedy,0.5203883495145633
1980,Crime,-1.0428571428571431
1980,Documentary,0.041666666666666664
1980,Drama,-0.33220338983050857
1980,Fantasy,-0.06363636363636366
1980,Horror,-3.1017543859649113
1980,Musical,1.9750000000000003
1980,Mystery,-2.6666666666666665
1980,Romance,0.16666666666666663
1980,Sci-Fi,-1.1799999999999997
1980,Thriller,-1.8170731707317067
1980,War,-1.4384615384615387
1980,Western,-0.24285714285714283
1981,Action,-0.3913043478260919
1981,Adventure,1.4322580645161223
1981,Animation,0.666666666666667
1981,Children,1.5636363636363642
1981,Comedy,0.18617021276595752
1981,Crime,-0.9076923076923078
1981,Documentary,-0.02666666666666667
1981,Drama,-0.6184615384615384
1981,Fantasy,-1.0764705882352925
1981,Horror,-1.7408450704225347
1981,Musical,0.010000000000000004
1981,Mystery,-0.8173913043478261
1981,Romance,-0.21562499999999998
1981,Sci-Fi,-1.6333333333333329
1981,Thriller,-1.323404255319148
1981,War,-3.8000000000000016
1981,Western,-0.3666666666666667
1982,Action,-2.3818181818181854
1982,Adventure,-2.0290322580645173
1982,Animation,-0.07222222222222222
1982,Children,0.9916666666666668
1982,Comedy,0.1693181818181818
1982,Crime,-0.5727272727272728
1982,Documentary,-0.11818181818181817
1982,Drama,-0.5155038759689925
1982,Fantasy,-0.74
1982,Film-Noir,-0.6
1982,Horror,-2.2849056603773605
1982,IMAX,0.0
1982,Musical,-0.38333333333333347
1982,Mystery,-0.6799999999999999
1982,Romance,0.6000000000000001
1982,Sci-Fi,-1.4628571428571455
1982,Thriller,-3.1564102564102594
1982,War,-0.7699999999999998
1982,Western,0.0
1983,Action,-2.5555555555555562
1983,Adventure,-1.1628571428571428
1983,Animation,-0.3230769230769231
1983,Children,0.13333333333333341
1983,Comedy,0.4673913043478262
1983,Crime,-2.9400000000000017
1983,Documentary,-0.253333333333333
1983,Drama,-0.7638655462184877
1983,Fantasy,-1.1875000000000004
1983,Horror,-1.7142857142857142
1983,Musical,-0.09090909090909091
1983,Mystery,-0.39444444444444443
1983,Romance,0.22758620689655173
1983,Sci-Fi,-1.941666666666666
1983,Thriller,-2.1124999999999994
1983,War,-0.3909090909090909
1983,Western,0.5
1984,Action,1.0056603773584913
1984,Adventure,1.6447368421052637
1984,Animation,1.4500000000000004
1984,Children,0.6333333333333333
1984,Comedy,0.5919191919191922
1984,Crime,-0.5052631578947363
1984,Documentary,-0.34615384615384615
1984,Drama,-0.05547945205479446
1984,Fantasy,2.225000000000001
1984,Film-Noir,0.2
1984,Horror,-1.3421052631578945
1984,Musical,0.14444444444444443
1984,Mystery,-0.8687499999999998
1984,Romance,0.3348837209302325
1984,Sci-Fi,1.1675000000000006
1984,Thriller,-0.7906976744186045
1984,War,-1.8999999999999997
1984,Western,0.3
1985,Action,-0.36718749999999956
1985,Adventure,1.3489361702127645
1985,Animation,-0.219047619047619
1985,Children,1.2000000000000002
1985,Comedy,1.1885245901639334
1985,Crime,-0.17999999999999983
1985,Documentary,-0.06799999999999999
1985,Drama,-0.06412213740458021
1985,Fantasy,1.8558823529411725
1985,Film-Noir,-1.8
1985,Horror,-1.8545454545454552
1985,IMAX,0.0
1985,Musical,-1.850371707708594E-17
1985,Mystery,-0.40588235294117625
1985,Romance,1.0040816326530615
1985,Sci-Fi,1.2444444444444378
1985,Thriller,-0.9928571428571421
1985,War,-3.0846153846153848
1985,Western,-0.29999999999999993
1986,Action,-0.9850746268656714
1986,Adventure,0.6736842105263158
1986,Animation,1.3695652173913053
1986,Children,1.7652173913043487
1986,Comedy,0.6449541284403667
1986,Crime,-2.163636363636364
1986,Documentary,0.21000000000000002
1986,Drama,-0.9425531914893623
1986,Fantasy,1.2478260869565228
1986,Film-Noir,-1.0
1986,Horror,-2.7333333333333334
1986,Musical,1.5699999999999998
1986,Mystery,-3.9166666666666665
1986,Romance,1.0589743589743588
1986,Sci-Fi,-1.1153846153846159
1986,Thriller,-3.473913043478261
1986,War,-3.876923076923079
1986,Western,5.650000000000002
1987,Action,-0.17361111111111133
1987,Adventure,0.7900000000000006
1987,Animation,0.10800000000000001
1987,Children,0.2424242424242424
1987,Comedy,0.6833333333333333
1987,Crime,-0.9045454545454551
1987,Documentary,0.5181818181818184
1987,Drama,-0.8261146496815289
1987,Fantasy,1.91764705882353
1987,Film-Noir,-2.3333333333333335
1987,Horror,-1.425
1987,Musical,2.229999999999999
1987,Mystery,-1.2466666666666666
1987,Romance,2.316981132075472
1987,Sci-Fi,-1.5342105263157904
1987,Thriller,-2.0767857142857142
1987,War,-8.484615384615386
1987,Western,-0.5
1988,Action,-0.45866666666666667
1988,Adventure,0.28484848484848485
1988,Animation,0.8967741935483852
1988,Children,3.2846153846153845
1988,Comedy,0.5392857142857145
1988,Crime,0.2976744186046513
1988,Documentary,-0.07058823529411765
1988,Drama,0.28717948717948666
1988,Fantasy,2.718750000000001
1988,Film-Noir,0.0
1988,Horror,-1.348148148148148
1988,Musical,0.2307692307692307
1988,Mystery,0.04000000000000008
1988,Romance,0.6653061224489796
1988,Sci-Fi,-0.6282608695652173
1988,Thriller,-1.4625
1988,War,-4.850000000000001
1988,Western,-0.3666666666666667
1989,Action,0.5499999999999989
1989,Adventure,2.961111111111108
1989,Animation,1.2952380952380957
1989,Children,1.8
1989,Comedy,1.1782312925170075
1989,Crime,0.2560975609756106
1989,Documentary,-0.22499999999999998
1989,Drama,0.28133333333333366
1989,Fantasy,0.8870967741935486
1989,Film-Noir,0.0
1989,Horror,-1.4046153846153846
1989,Musical,1.6749999999999998
1989,Mystery,-1.546153846153846
1989,Romance,2.805263157894736
1989,Sci-Fi,0.6936170212765961
1989,Thriller,-0.20612244897959103
1989,War,-1.8999999999999992
1989,Western,0.9
1990,Action,-1.4696969696969697
1990,Adventure,-1.5472222222222218
1990,Animation,0.05294117647058824
1990,Children,0.5863636363636371
1990,Comedy,0.9617187500000007
1990,Crime,-1.3625000000000018
1990,Documentary,0.4700000000000001
1990,Drama,0.028658536585365345
1990,Fantasy,2.8038461538461523
1990,Film-Noir,-0.13333333333333344
1990,Horror,-2.4212121212121227
1990,Musical,-0.12000000000000002
1990,Mystery,-4.700000000000003
1990,Romance,3.424999999999999
1990,Sci-Fi,-1.426315789473684
1990,Thriller,-1.7070422535211258
1990,War,-0.9799999999999999
1990,Western,0.4400000000000027
1991,Action,-0.08750000000000008
1991,Adventure,-0.2500000000000001
1991,Animation,5.733333333333333
1991,Children,3.7888888888888883
1991,Comedy,0.2699346405228759
1991,Crime,-4.9886363636363615
1991,Documentary,0.15454545454545454
1991,Drama,-0.23867403314917102
1991,Fantasy,1.6499999999999997
1991,Horror,-5.858536585365851
1991,IMAX,63.399999999999984
1991,Musical,6.1999999999999975
1991,Mystery,-2.2499999999999996
1991,Romance,1.5517857142857143
1991,Sci-Fi,-0.2297297297297297
1991,Thriller,-5.125423728813559
1991,War,0.8800000000000001
1991,Western,0.18333333333333332
1992,Action,-0.7387096774193548
1992,Adventure,1.1071428571428568
1992,Animation,0.6962962962962963
1992,Children,2.2727272727272725
1992,Comedy,0.665734265734266
1992,Crime,-2.1387755102040846
1992,Documentary,-0.22380952380952376
1992,Drama,0.07709497206703929
1992,Fantasy,0.5391304347826087
1992,Film-Noir,0.15000000000000008
1992,Horror,-1.5702702702702702
1992,IMAX,0.0
1992,Musical,3.4285714285714284
1992,Mystery,-3.7894736842105337
1992,Romance,0.9809523809523811
1992,Sci-Fi,-1.9409090909090911
1992,Thriller,-2.047826086956523
1992,War,1.2999999999999998
1992,Western,6.733333333333332
1993,Action,-0.32765957446808475
1993,Adventure,0.6000000000000005
1993,Animation,2.0181818181818194
1993,Children,1.4028571428571435
1993,Comedy,1.648550724637683
1993,Crime,-1.325641025641026
1993,Documentary,-0.06666666666666667
1993,Drama,-0.2460396039603962
1993,Fantasy,6.181481481481491
1993,Film-Noir,-1.2999999999999998
1993,Horror,-0.6688888888888888
1993,Musical,2.8272727272727285
1993,Mystery,-0.8629629629629628
1993,Romance,2.985507246376815
1993,Sci-Fi,0.07000000000000045
1993,Thriller,-1.2178082191780817
1993,War,-3.03636363636364
1993,Western,0.175
1994,Action,-0.20609756097561074
1994,Adventure,0.2413793103448277
1994,Animation,0.45454545454545453
1994,Children,0.9166666666666666
1994,Comedy,2.9080459770114993
1994,Crime,11.707499999999992
1994,Documentary,-0.16052631578947368
1994,Drama,3.7413636363636344
1994,Fantasy,1.0300000000000005
1994,Film-Noir,-0.8
1994,Horror,-0.9941176470588232
1994,IMAX,5.425000000000001
1994,Musical,3.6500000000000004
1994,Mystery,-0.5874999999999999
1994,Romance,5.204225352112679
1994,Sci-Fi,-0.4263157894736842
1994,Thriller,0.6301369863013767
1994,War,38.00000000000001
1994,Western,1.4249999999999992
1995,Action,-1.4539325842696629
1995,Adventure,1.7422222222222206
1995,Animation,4.3321428571428555
1995,Children,2.7297297297297276
1995,Comedy,1.17304964539007
1995,Crime,-1.7545454545454524
1995,Documentary,-0.1212121212121212
1995,Drama,-0.060633484162896205
1995,Fantasy,1.878571428571425
1995,Film-Noir,-0.8000000000000002
1995,Horror,-0.7851063829787235
1995,IMAX,4.050000000000003
1995,Musical,2.433333333333333
1995,Mystery,-1.5206896551723965
1995,Romance,2.2624999999999993
1995,Sci-Fi,-0.024000000000000004
1995,Thriller,-2.168831168831163
1995,War,-2.473684210526316
1995,Western,-0.38000000000000045
1996,Action,-1.6216216216216222
1996,Adventure,-0.7437500000000004
1996,Animation,0.2473684210526315
1996,Children,0.7176470588235296
1996,Comedy,0.6521052631578926
1996,Crime,0.41607142857142154
1996,Documentary,0.25
1996,Drama,0.38490566037735713
1996,Fantasy,0.32727272727272727
1996,Film-Noir,-5.1000000000000005
1996,Horror,-2.7193548387096773
1996,Musical,1.716666666666667
1996,Mystery,-1.6352941176470583
1996,Romance,1.4930232558139538
1996,Sci-Fi,-0.7857142857142859
1996,Thriller,-2.3031578947368456
1996,War,0.19166666666666687
1996,Western,0.30000000000000004
1997,Action,-0.15287356321838982
1997,Adventure,1.7940000000000018
1997,Animation,0.1214285714285719
1997,Children,0.32799999999999996
1997,Comedy,1.2863157894736845
1997,Crime,-1.1806451612903224
1997,Documentary,-0.17105263157894735
1997,Drama,1.415957446808509
1997,Fantasy,-0.489473684210526
1997,Film-Noir,-5.640000000000002
1997,Horror,-4.912499999999999
1997,IMAX,-0.06666666666666665
1997,Musical,0.5928571428571427
1997,Mystery,-6.192592592592593
1997,Romance,4.808602150537629
1997,Sci-Fi,1.4613636363636373
1997,Thriller,-2.493137254901961
1997,War,2.2733333333333277
1997,Western,-0.19999999999999998
1998,Action,-2.848148148148139
1998,Adventure,0.43673469387755165
1998,Animation,1.5344827586206908
1998,Children,1.4159090909090912
1998,Comedy,2.496954314720815
1998,Crime,1.1586666666666765
1998,Documentary,-0.09069767441860464
1998,Drama,-0.5488135593220315
1998,Fantasy,0.37647058823529395
1998,Film-Noir,-13.349999999999993
1998,Horror,-2.352631578947368
1998,IMAX,1.5333333333333339
1998,Musical,2.373333333333334
1998,Mystery,-0.8769230769230768
1998,Romance,1.8696428571428583
1998,Sci-Fi,-1.7770833333333356
1998,Thriller,-1.7834862385321104
1998,War,-11.538888888888849
1998,Western,0.09999999999999998
1999,Action,-1.9457831325301118
1999,Adventure,0.15135135135135078
1999,Animation,1.078125
1999,Children,0.9333333333333338
1999,Comedy,1.9939534883720917
1999,Crime,-2.1096153846153696
1999,Documentary,-0.03170731707317075
1999,Drama,-0.16962457337883538
1999,Fantasy,2.3181818181818157
1999,Film-Noir,0.0
1999,Horror,-1.4113207547169793
1999,IMAX,0.27499999999999997
1999,Musical,0.885714285714285
1999,Mystery,-2.219230769230765
1999,Romance,3.260824742268043
1999,Sci-Fi,1.011111111111107
1999,Thriller,-2.6236363636363573
1999,War,-2.1999999999999993
1999,Western,-0.2874999999999999
2000,Action,-1.647222222222222
2000,Adventure,2.7142857142857153
2000,Animation,1.215384615384616
2000,Children,1.0175
2000,Comedy,1.071784232365145
2000,Crime,-0.9892307692307707
2000,Documentary,0.015094339622641515
2000,Drama,-0.26079545454545533
2000,Fantasy,0.7305555555555556
2000,Horror,-3.1140625000000006
2000,Musical,-0.43076923076923107
2000,Mystery,-5.1866666666666665
2000,Romance,0.8680327868852459
2000,Sci-Fi,-1.3567567567567564
2000,Thriller,-2.629464285714286
2000,War,-3.219999999999999
2000,Western,-0.6599999999999999
2001,Action,-0.6848484848484845
2001,Adventure,8.849056603773565
2001,Animation,7.544736842105248
2001,Children,3.8119047619047612
2001,Comedy,3.373819742489276
2001,Crime,-1.5289855072463772
2001,Documentary,-0.07076923076923076
2001,Drama,0.24542772861356923
2001,Fantasy,9.274468085106363
2001,Film-Noir,-36.59999999999999
2001,Horror,-4.028301886792453
2001,IMAX,0.0
2001,Musical,2.0375
2001,Mystery,-2.9878048780487805
2001,Romance,6.428571428571441
2001,Sci-Fi,0.5452380952380946
2001,Thriller,-2.382882882882883
2001,War,-4.3730769230769235
2001,Western,0.3
2002,Action,-2.0135593220338976
2002,Adventure,1.7316666666666687
2002,Animation,0.7093023255813954
2002,Children,0.6301886792452831
2002,Comedy,0.8833333333333332
2002,Crime,-1.3543689320388335
2002,Documentary,-0.6353846153846153
2002,Drama,-0.15792079207920767
2002,Fantasy,1.3750000000000009
2002,Horror,-4.074576271186443
2002,IMAX,-4.7499999999999964
2002,Musical,0.21764705882352928
2002,Mystery,-5.202439024390248
2002,Romance,1.4543999999999997
2002,Sci-Fi,-3.124590163934426
2002,Thriller,-2.7358620689655186
2002,War,-1.4769230769230763
2002,Western,0.5666666666666667
2003,Action,0.20225563909773991
2003,Adventure,3.4365079365079287
2003,Animation,1.0352941176470576
2003,Children,1.2915254237288123
2003,Comedy,1.8759999999999983
2003,Crime,-2.553061224489797
2003,Documentary,-0.17073170731707318
2003,Drama,0.3380697050938326
2003,Fantasy,7.3599999999999834
2003,Film-Noir,0.5
2003,Horror,-2.536507936507936
2003,IMAX,-2.475
2003,Musical,0.2789473684210524
2003,Mystery,-7.3500000000000005
2003,Romance,2.07685950413223
2003,Sci-Fi,-0.5703703703703701
2003,Thriller,-3.9838235294117643
2003,War,-0.9173913043478261
2003,Western,-0.019999999999999997
2004,Action,-0.7792592592592608
2004,Adventure,2.051249999999998
2004,Animation,1.5155555555555544
2004,Children,1.775999999999999
2004,Comedy,2.1197802197802207
2004,Crime,-1.31358024691358
2004,Documentary,-0.7727272727272726
2004,Drama,0.5052256532066496
2004,Fantasy,1.6435483870967742
2004,Horror,-0.06296296296295822
2004,IMAX,5.666666666666667
2004,Musical,2.0699999999999994
2004,Mystery,-2.413043478260871
2004,Romance,4.519847328244277
2004,Sci-Fi,2.2283333333333326
2004,Thriller,-2.4469230769230785
2004,War,-4.32962962962963
2004,Western,-0.8666666666666666
2005,Action,-1.1721428571428598
2005,Adventure,1.6802816901408444
2005,Animation,0.8930232558139538
2005,Children,0.8694915254237288
2005,Comedy,1.3668874172185428
2005,Crime,-1.6863157894736864
2005,Documentary,-0.15315315315315325
2005,Drama,-0.10781893004115238
2005,Fantasy,0.23846153846153836
2005,Film-Noir,-19.133333333333372
2005,Horror,-2.102542372881356
2005,IMAX,6.239999999999997
2005,Musical,1.6043478260869561
2005,Mystery,-0.9781818181818215
2005,Romance,2.662025316455696
2005,Sci-Fi,0.435999999999999
2005,Thriller,-2.0454022988505773
2005,War,-3.633333333333337
2005,Western,-0.7333333333333333
2006,Action,-1.2833333333333332
2006,Adventure,0.4684210526315833
2006,Animation,0.4578124999999995
2006,Children,0.5000000000000001
2006,Comedy,1.0664634146341472
2006,Crime,-1.9846846846846848
2006,Documentary,-0.32790697674418606
2006,Drama,-0.046768060836500605
2006,Fantasy,0.7750000000000067
2006,Film-Noir,1.4999999999999998
2006,Horror,-1.4248062015503873
2006,IMAX,-3.4625000000000004
2006,Musical,2.009523809523811
2006,Mystery,-1.1507042253521134
2006,Romance,2.1139393939393942
2006,Sci-Fi,-1.7140350877192971
2006,Thriller,-2.880382775119616
2006,War,-3.874193548387099
2006,Western,0.04999999999999971
2007,Action,-1.1650000000000023
2007,Adventure,1.6478260869565216
2007,Animation,1.4169230769230767
2007,Children,0.7647058823529409
2007,Comedy,1.3886850152905188
2007,Crime,-2.789622641509436
2007,Documentary,-0.1909090909090909
2007,Drama,-0.20994575045207975
2007,Fantasy,-0.5149253731343286
2007,Film-Noir,-0.4333333333333333
2007,Horror,-2.6946666666666683
2007,IMAX,-14.887500000000019
2007,Musical,1.0718750000000006
2007,Mystery,-0.686792452830191
2007,Romance,1.5205882352941174
2007,Sci-Fi,-1.4585714285714302
2007,Thriller,-3.433640552995393
2007,War,-2.8204545454545467
2007,Western,-0.6375000000000002
2008,Action,-1.570454545454546
2008,Adventure,1.735353535353532
2008,Animation,2.0901408450704193
2008,Children,3.1709677419354803
2008,Comedy,1.1148255813953496
2008,Crime,-0.7189189189189175
2008,Documentary,-0.26799999999999985
2008,Drama,-0.5045936395759714
2008,Fantasy,0.2855263157894741
2008,Film-Noir,-0.35000000000000003
2008,Horror,-1.64963503649635
2008,IMAX,-0.9888888888888879
2008,Musical,1.1481481481481484
2008,Mystery,-1.2930555555555558
2008,Romance,2.274999999999999
2008,Sci-Fi,1.310975609756093
2008,Thriller,-1.775431034482758
2008,War,-4.3125
2008,Western,-0.10000000000000002
2009,Action,-1.1556179775280924
2009,Adventure,1.4088888888888929
2009,Animation,1.7972602739726076
2009,Children,2.174193548387102
2009,Comedy,1.3931034482758604
2009,Crime,-1.0720338983050857
2009,Documentary,-0.1492610837438424
2009,Drama,-0.15287162162162155
2009,Fantasy,-1.0134146341463415
2009,Film-Noir,-0.09999999999999999
2009,Horror,-2.150609756097562
2009,IMAX,5.363636363636363
2009,Musical,0.3999999999999999
2009,Mystery,-2.225581395348839
2009,Romance,2.37752808988764
2009,Sci-Fi,-1.2783018867924545
2009,Thriller,-2.5870078740157494
2009,War,-2.064102564102569
2009,Western,0.11666666666666664
2010,Action,1.3198757763975166
2010,Adventure,0.8999999999999994
2010,Animation,1.786666666666665
2010,Children,2.174999999999998
2010,Comedy,1.1105919003115265
2010,Crime,1.9935483870967778
2010,Documentary,-0.13949999999999999
2010,Drama,0.3731060606060614
2010,Fantasy,1.0521739130434773
2010,Film-Noir,-1.5999999999999999
2010,Horror,-1.7507812500000006
2010,IMAX,24.78235294117648
2010,Musical,1.7625
2010,Mystery,3.5089285714285787
2010,Romance,1.4547770700636942
2010,Sci-Fi,4.680000000000005
2010,Thriller,-1.5912195121951205
2010,War,-2.113793103448276
2010,Western,-2.0285714285714285
2011,Action,0.35745856353591143
2011,Adventure,1.7736842105263162
2011,Animation,0.45696202531645597
2011,Children,0.6080000000000001
2011,Comedy,1.4454545454545482
2011,Crime,-0.3589473684210526
2011,Documentary,0.013761467889908294
2011,Drama,0.2979416809605505
2011,Fantasy,1.3183098591549276
2011,Film-Noir,-5.125000000000001
2011,Horror,-1.1212121212121213
2011,IMAX,1.3124999999999962
2011,Musical,0.30000000000000004
2011,Mystery,1.6288135593220354
2011,Romance,2.029931972789115
2011,Sci-Fi,0.8106382978723399
2011,Thriller,-0.9489270386266101
2011,War,-1.1857142857142855
2011,Western,3.114285714285714
2012,Action,-0.3189944134078195
2012,Adventure,4.514666666666673
2012,Animation,0.2653846153846154
2012,Children,0.5237288135593221
2012,Comedy,1.0692722371967647
2012,Crime,-0.4884955752212383
2012,Documentary,-0.07327935222672066
2012,Drama,-0.01738410596026503
2012,Fantasy,0.8684210526315791
2012,Film-Noir,-0.45
2012,Horror,-1.0801282051282055
2012,IMAX,9.209375000000017
2012,Musical,0.8461538461538465
2012,Mystery,-0.8557377049180329
2012,Romance,0.8320754716981127
2012,Sci-Fi,1.5802325581395393
2012,Thriller,-1.0369565217391299
2012,War,-1.2057142857142857
2012,Western,-9.483333333333361
2013,Action,-0.1698924731182806
2013,Adventure,1.7146788990825697
2013,Animation,0.8550561797752808
2013,Children,0.08059701492537312
2013,Comedy,0.7053846153846157
2013,Crime,-0.07500000000000043
2013,Documentary,-0.10766283524904216
2013,Drama,0.5211746522411121
2013,Fantasy,1.802469135802467
2013,Film-Noir,-1.2
2013,Horror,-1.2346153846153847
2013,IMAX,2.387499999999997
2013,Musical,1.21
2013,Mystery,-0.3216216216216217
2013,Romance,2.431976744186044
2013,Sci-Fi,1.3909909909909872
2013,Thriller,-0.7758241758241766
2013,War,-0.41249999999999987
2013,Western,0.55
2014,Action,0.5030303030303038
2014,Adventure,2.509090909090911
2014,Animation,2.3040540540540544
2014,Children,0.9781609195402297
2014,Comedy,1.1559907834101382
2014,Crime,-1.0544117647058824
2014,Documentary,-0.07010676156583628
2014,Drama,0.08383685800604215
2014,Fantasy,0.640322580645161
2014,Horror,-1.2576470588235302
2014,IMAX,17.273333333333344
2014,Musical,0.2857142857142857
2014,Mystery,-0.5493150684931505
2014,Romance,1.0310734463276836
2014,Sci-Fi,3.380180180180184
2014,Thriller,-1.6215053763440845
2014,War,-3.4093750000000003
2014,Western,-0.7583333333333332
2015,Action,-0.3905263157894746
2015,Adventure,1.0633928571428555
2015,Animation,0.8624999999999993
2015,Children,1.0423529411764698
2015,Comedy,0.6245742092457428
2015,Crime,-1.0620000000000003
2015,Documentary,-0.21037344398340255
2015,Drama,-0.011645962732919277
2015,Fantasy,0.2723076923076908
2015,Horror,-1.3232558139534885
2015,IMAX,-34.700000000000024
2015,Musical,2.6999999999999993
2015,Mystery,-0.9500000000000002
2015,Romance,0.8238410596026484
2015,Sci-Fi,0.6937984496124022
2015,Thriller,-0.7097643097643097
2015,War,-0.7655172413793104
2015,Western,-4.10909090909091
2016,Action,-0.5956989247311848
2016,Adventure,1.2591397849462316
2016,Animation,1.677631578947368
2016,Children,1.2181818181818176
2016,Comedy,0.8451030927835045
2016,Crime,-1.3170454545454537
2016,Documentary,-0.14158878504672895
2016,Drama,-0.006919275123558493
2016,Fantasy,0.027692307692307076
2016,Horror,-1.0538461538461539
2016,Mystery,-0.28166666666666645
2016,Romance,1.2925675675675679
2016,Sci-Fi,0.5195652173913023
2016,Thriller,-0.860498220640569
2016,War,-3.311538461538464
2016,Western,-1.0727272727272728
2017,Action,-5.494505494514927E-4
2017,Adventure,3.0746987951807205
2017,Animation,0.1657894736842106
2017,Children,0.401639344262295
2017,Comedy,0.3940652818991099
2017,Crime,-1.7945652173913036
2017,Documentary,-0.04207317073170732
2017,Drama,-0.404320987654321
2017,Fantasy,1.3057692307692308
2017,Horror,-2.203797468354429
2017,Mystery,-1.8351851851851848
2017,Romance,0.597087378640777
2017,Sci-Fi,1.0171428571428558
2017,Thriller,-2.0375
2017,War,-2.0034482758620697
2017,Western,-1.25
2018,Action,0.9879999999999974
2018,Adventure,1.0950000000000002
2018,Animation,0.7666666666666669
2018,Children,-0.043478260869565216
2018,Comedy,1.4500000000000002
2018,Crime,-0.23255813953488388
2018,Documentary,0.11224489795918367
2018,Drama,-0.15842696629213499
2018,Fantasy,0.7909090909090908
2018,Horror,-1.046296296296297
2018,Mystery,-1.214285714285714
2018,Romance,1.0523809523809522
2018,Sci-Fi,0.36538461538461237
2018,Thriller,-1.2290322580645163
2018,War,-0.9199999999999999
2018,Western,-0.20000000000000004
3,Action,0.3
3,Crime,0.3
3,Thriller,0.3
38,Animation,0.0
38,Children,0.0
5,Sci-Fi,0.0
6,Action,-0.7
6,Drama,-0.7
